INSERT INTO cadernocampo(nome) VALUES ('Legacy');
INSERT INTO unidade(designacao) VALUES ('un');
INSERT INTO unidade(designacao) VALUES ('m3');
INSERT INTO unidade(designacao) VALUES ('kg');
INSERT INTO unidade(designacao) VALUES ('ha');
INSERT INTO unidade(designacao) VALUES ('m2');
INSERT INTO unidade(designacao) VALUES ('min');
INSERT INTO parcelaagricola(designacao, area) VALUES ('Campo da bouça', 1.2);
INSERT INTO parcelaagricola(designacao, area) VALUES ('Campo grande', 3.0);
INSERT INTO parcelaagricola(designacao, area) VALUES ('Campo do poço', 1.5);
INSERT INTO parcelaagricola(designacao, area) VALUES ('Lameiro da ponte', 0.8);
INSERT INTO parcelaagricola(designacao, area) VALUES ('Lameiro do moinho', 1.1);
INSERT INTO parcelaagricola(designacao, area) VALUES ('Horta nova', 0.3);
INSERT INTO parcelaagricola(designacao, area) VALUES ('Vinha', 2.0);
INSERT INTO planta(nome, especie, tipo) VALUES ('Ameixoeira rainha claudia caranguejeira', 'Prunus domestica', 'Permanente');
INSERT INTO planta(nome, especie, tipo) VALUES ('Ameixoeira president', 'Prunus domestica', 'Permanente');
INSERT INTO planta(nome, especie, tipo) VALUES ('Ameixoeira stanley', 'Prunus domestica', 'Permanente');
INSERT INTO planta(nome, especie, tipo) VALUES ('Ameixoeira angeleno', 'Prunus domestica', 'Permanente');
INSERT INTO planta(nome, especie, tipo) VALUES ('Ameixoeira black beauty', 'Prunus domestica', 'Permanente');
INSERT INTO planta(nome, especie, tipo) VALUES ('Ameixoeira black star', 'Prunus domestica', 'Permanente');
INSERT INTO planta(nome, especie, tipo) VALUES ('Ameixoeira black gold', 'Prunus domestica', 'Permanente');
INSERT INTO planta(nome, especie, tipo) VALUES ('Ameixoeira black diamond', 'Prunus domestica', 'Permanente');
INSERT INTO planta(nome, especie, tipo) VALUES ('Ameixoeira black amber', 'Prunus domestica', 'Permanente');
INSERT INTO planta(nome, especie, tipo) VALUES ('Ameixoeira black splendor', 'Prunus domestica', 'Permanente');
INSERT INTO planta(nome, especie, tipo) VALUES ('Ameixoeira fortuna', 'Prunus domestica', 'Permanente');
INSERT INTO planta(nome, especie, tipo) VALUES ('Ameixoeira friar', 'Prunus domestica', 'Permanente');
INSERT INTO planta(nome, especie, tipo) VALUES ('Ameixoeira el dorado', 'Prunus domestica', 'Permanente');
INSERT INTO planta(nome, especie, tipo) VALUES ('Ameixoeira elephant heart', 'Prunus domestica', 'Permanente');
INSERT INTO planta(nome, especie, tipo) VALUES ('Ameixoeira golden japan', 'Prunus domestica', 'Permanente');
INSERT INTO planta(nome, especie, tipo) VALUES ('Ameixoeira harry pitchon', 'Prunus domestica', 'Permanente');
INSERT INTO planta(nome, especie, tipo) VALUES ('Ameixoeira laetitia', 'Prunus domestica', 'Permanente');
INSERT INTO planta(nome, especie, tipo) VALUES ('Ameixoeira metley', 'Prunus domestica', 'Permanente');
INSERT INTO planta(nome, especie, tipo) VALUES ('Ameixoeira mirabelle de nancy', 'Prunus domestica', 'Permanente');
INSERT INTO planta(nome, especie, tipo) VALUES ('Ameixoeira queen rose', 'Prunus domestica', 'Permanente');
INSERT INTO planta(nome, especie, tipo) VALUES ('Ameixoeira red beaut', 'Prunus domestica', 'Permanente');
INSERT INTO planta(nome, especie, tipo) VALUES ('Ameixoeira santa rosa', 'Prunus domestica', 'Permanente');
INSERT INTO planta(nome, especie, tipo) VALUES ('Ameixoeira shiro', 'Prunus domestica', 'Permanente');
INSERT INTO planta(nome, especie, tipo) VALUES ('Ameixoeira sungold', 'Prunus domestica', 'Permanente');
INSERT INTO planta(nome, especie, tipo) VALUES ('Ameixoeira wilson perfection', 'Prunus domestica', 'Permanente');
INSERT INTO planta(nome, especie, tipo) VALUES ('Ameixoeira autumn giant', 'Prunus domestica', 'Permanente');
INSERT INTO planta(nome, especie, tipo) VALUES ('Damasqueiro bulida', 'Prunus armeniaca', 'Permanente');
INSERT INTO planta(nome, especie, tipo) VALUES ('Damasqueiro canino', 'Prunus armeniaca', 'Permanente');
INSERT INTO planta(nome, especie, tipo) VALUES ('Damasqueiro liabaud', 'Prunus armeniaca', 'Permanente');
INSERT INTO planta(nome, especie, tipo) VALUES ('Damasqueiro maillot jaune', 'Prunus armeniaca', 'Permanente');
INSERT INTO planta(nome, especie, tipo) VALUES ('Damasqueiro polonais', 'Prunus armeniaca', 'Permanente');
INSERT INTO planta(nome, especie, tipo) VALUES ('Macieira akane', 'Malus domestica', 'Permanente');
INSERT INTO planta(nome, especie, tipo) VALUES ('Macieira belgolden', 'Malus domestica', 'Permanente');
INSERT INTO planta(nome, especie, tipo) VALUES ('Macieira bravo de esmolfe', 'Malus domestica', 'Permanente');
INSERT INTO planta(nome, especie, tipo) VALUES ('Macieira casa nova de alcobaça', 'Malus domestica', 'Permanente');
INSERT INTO planta(nome, especie, tipo) VALUES ('Macieira erovan', 'Malus domestica', 'Permanente');
INSERT INTO planta(nome, especie, tipo) VALUES ('Macieira fuji', 'Malus domestica', 'Permanente');
INSERT INTO planta(nome, especie, tipo) VALUES ('Macieira granny smith', 'Malus domestica', 'Permanente');
INSERT INTO planta(nome, especie, tipo) VALUES ('Macieira golden delicious', 'Malus domestica', 'Permanente');
INSERT INTO planta(nome, especie, tipo) VALUES ('Macieira hi-early', 'Malus domestica', 'Permanente');
INSERT INTO planta(nome, especie, tipo) VALUES ('Macieira jonagored', 'Malus domestica', 'Permanente');
INSERT INTO planta(nome, especie, tipo) VALUES ('Macieira lysgolden', 'Malus domestica', 'Permanente');
INSERT INTO planta(nome, especie, tipo) VALUES ('Macieira mutsu', 'Malus domestica', 'Permanente');
INSERT INTO planta(nome, especie, tipo) VALUES ('Macieira porta da loja', 'Malus domestica', 'Permanente');
INSERT INTO planta(nome, especie, tipo) VALUES ('Macieira reinette ou canada', 'Malus domestica', 'Permanente');
INSERT INTO planta(nome, especie, tipo) VALUES ('Macieira reinette ou grand fay', 'Malus domestica', 'Permanente');
INSERT INTO planta(nome, especie, tipo) VALUES ('Macieira riscadinha de palmela', 'Malus domestica', 'Permanente');
INSERT INTO planta(nome, especie, tipo) VALUES ('Macieira royal gala', 'Malus domestica', 'Permanente');
INSERT INTO planta(nome, especie, tipo) VALUES ('Macieira redchief', 'Malus domestica', 'Permanente');
INSERT INTO planta(nome, especie, tipo) VALUES ('Macieira starking', 'Malus domestica', 'Permanente');
INSERT INTO planta(nome, especie, tipo) VALUES ('Macieira summer red', 'Malus domestica', 'Permanente');
INSERT INTO planta(nome, especie, tipo) VALUES ('Macieira well''spur delicious', 'Malus domestica', 'Permanente');
INSERT INTO planta(nome, especie, tipo) VALUES ('Macieira noiva', 'Malus domestica', 'Permanente');
INSERT INTO planta(nome, especie, tipo) VALUES ('Macieira olho aberto', 'Malus domestica', 'Permanente');
INSERT INTO planta(nome, especie, tipo) VALUES ('Macieira camoesa rosa', 'Malus domestica', 'Permanente');
INSERT INTO planta(nome, especie, tipo) VALUES ('Macieira malápio', 'Malus domestica', 'Permanente');
INSERT INTO planta(nome, especie, tipo) VALUES ('Macieira gronho doce', 'Malus domestica', 'Permanente');
INSERT INTO planta(nome, especie, tipo) VALUES ('Macieira pé de boi', 'Malus domestica', 'Permanente');
INSERT INTO planta(nome, especie, tipo) VALUES ('Macieira pinova', 'Malus domestica', 'Permanente');
INSERT INTO planta(nome, especie, tipo) VALUES ('Macieira pardo lindo', 'Malus domestica', 'Permanente');
INSERT INTO planta(nome, especie, tipo) VALUES ('Macieira pipo de basto', 'Malus domestica', 'Permanente');
INSERT INTO planta(nome, especie, tipo) VALUES ('Macieira prima', 'Malus domestica', 'Permanente');
INSERT INTO planta(nome, especie, tipo) VALUES ('Macieira querina', 'Malus domestica', 'Permanente');
INSERT INTO planta(nome, especie, tipo) VALUES ('Macieira vista bella', 'Malus domestica', 'Permanente');
INSERT INTO planta(nome, especie, tipo) VALUES ('Macieira golden smoothee', 'Malus domestica', 'Permanente');
INSERT INTO planta(nome, especie, tipo) VALUES ('Macieira golden suprema', 'Malus domestica', 'Permanente');
INSERT INTO planta(nome, especie, tipo) VALUES ('Macieira gloster 69', 'Malus domestica', 'Permanente');
INSERT INTO planta(nome, especie, tipo) VALUES ('Macieira freedom', 'Malus domestica', 'Permanente');
INSERT INTO planta(nome, especie, tipo) VALUES ('Pera nashi sninseiki', 'Pyrus pyrifolia', 'Permanente');
INSERT INTO planta(nome, especie, tipo) VALUES ('Pera nashi kumoi', 'Pyrus pyrifolia', 'Permanente');
INSERT INTO planta(nome, especie, tipo) VALUES ('Pera nashi hosui', 'Pyrus pyrifolia', 'Permanente');
INSERT INTO planta(nome, especie, tipo) VALUES ('Pera nashi nijisseiki', 'Pyrus pyrifolia', 'Permanente');
INSERT INTO planta(nome, especie, tipo) VALUES ('Cenoura carson hybrid', 'Daucus carota subsp. sativus', 'Temporária');
INSERT INTO planta(nome, especie, tipo) VALUES ('Cenoura red cored chantenay', 'Daucus carota subsp. sativus', 'Temporária');
INSERT INTO planta(nome, especie, tipo) VALUES ('Cenoura danvers half long', 'Daucus carota subsp. sativus', 'Temporária');
INSERT INTO planta(nome, especie, tipo) VALUES ('Cenoura imperator 58', 'Daucus carota subsp. sativus', 'Temporária');
INSERT INTO planta(nome, especie, tipo) VALUES ('Cenoura sugarsnax hybrid', 'Daucus carota subsp. sativus', 'Temporária');
INSERT INTO planta(nome, especie, tipo) VALUES ('Cenoura nelson hybrid', 'Daucus carota subsp. sativus', 'Temporária');
INSERT INTO planta(nome, especie, tipo) VALUES ('Cenoura scarlet nantes', 'Daucus carota subsp. sativus', 'Temporária');
INSERT INTO planta(nome, especie, tipo) VALUES ('Tremoço amarelo', 'Lupinus luteus', 'Temporária');
INSERT INTO planta(nome, especie, tipo) VALUES ('Tremoço branco', 'Lupinus albus', 'Temporária');
INSERT INTO planta(nome, especie, tipo) VALUES ('Milho mas 24.c', 'Zea mays', 'Temporária');
INSERT INTO planta(nome, especie, tipo) VALUES ('Milho doce golden bantam', 'Zea mays', 'Temporária');
INSERT INTO planta(nome, especie, tipo) VALUES ('Nabo greleiro senhora conceição', 'Brassica rapa', 'Temporária');
INSERT INTO planta(nome, especie, tipo) VALUES ('Oliveira cobrançosa', 'Olea europaea', 'Permanente');
INSERT INTO planta(nome, especie, tipo) VALUES ('Oliveira arbequina', 'Olea europaea', 'Permanente');
INSERT INTO planta(nome, especie, tipo) VALUES ('Oliveira hojiblanca', 'Olea europaea', 'Permanente');
INSERT INTO planta(nome, especie, tipo) VALUES ('Oliveira negrinha do freixo', 'Olea europaea', 'Permanente');
INSERT INTO planta(nome, especie, tipo) VALUES ('Oliveira picual', 'Olea europaea', 'Permanente');
INSERT INTO planta(nome, especie, tipo) VALUES ('Oliveira maçanilha', 'Olea europaea', 'Permanente');
INSERT INTO planta(nome, especie, tipo) VALUES ('Oliveira conserva de elvas', 'Olea europaea', 'Permanente');
INSERT INTO planta(nome, especie, tipo) VALUES ('Oliveira galega', 'Olea europaea', 'Permanente');
INSERT INTO planta(nome, especie, tipo) VALUES ('Nabo s. cosme', 'Brassica rapa', 'Temporária');
INSERT INTO planta(nome, especie, tipo) VALUES ('Videira dona maria', 'Vitis vinifera', 'Permanente');
INSERT INTO planta(nome, especie, tipo) VALUES ('Videira cardinal', 'Vitis vinifera', 'Permanente');
INSERT INTO produtoagricola(nome, plantaid) VALUES ('Ameixa rainha claudia caranguejeira', 1);
INSERT INTO produtoagricola(nome, plantaid) VALUES ('Ameixa president', 2);
INSERT INTO produtoagricola(nome, plantaid) VALUES ('Ameixa stanley', 3);
INSERT INTO produtoagricola(nome, plantaid) VALUES ('Ameixa angeleno', 4);
INSERT INTO produtoagricola(nome, plantaid) VALUES ('Ameixa black beauty', 5);
INSERT INTO produtoagricola(nome, plantaid) VALUES ('Ameixa black star', 6);
INSERT INTO produtoagricola(nome, plantaid) VALUES ('Ameixa black gold', 7);
INSERT INTO produtoagricola(nome, plantaid) VALUES ('Ameixa black diamond', 8);
INSERT INTO produtoagricola(nome, plantaid) VALUES ('Ameixa black amber', 9);
INSERT INTO produtoagricola(nome, plantaid) VALUES ('Ameixa black splendor', 10);
INSERT INTO produtoagricola(nome, plantaid) VALUES ('Ameixa fortuna', 11);
INSERT INTO produtoagricola(nome, plantaid) VALUES ('Ameixa friar', 12);
INSERT INTO produtoagricola(nome, plantaid) VALUES ('Ameixa el dorado', 13);
INSERT INTO produtoagricola(nome, plantaid) VALUES ('Ameixa elephant heart', 14);
INSERT INTO produtoagricola(nome, plantaid) VALUES ('Ameixa golden japan', 15);
INSERT INTO produtoagricola(nome, plantaid) VALUES ('Ameixa harry pitchon', 16);
INSERT INTO produtoagricola(nome, plantaid) VALUES ('Ameixa laetitia', 17);
INSERT INTO produtoagricola(nome, plantaid) VALUES ('Ameixa metley', 18);
INSERT INTO produtoagricola(nome, plantaid) VALUES ('Ameixa mirabelle de nancy', 19);
INSERT INTO produtoagricola(nome, plantaid) VALUES ('Ameixa queen rose', 20);
INSERT INTO produtoagricola(nome, plantaid) VALUES ('Ameixa red beaut', 21);
INSERT INTO produtoagricola(nome, plantaid) VALUES ('Ameixa santa rosa', 22);
INSERT INTO produtoagricola(nome, plantaid) VALUES ('Ameixa shiro', 23);
INSERT INTO produtoagricola(nome, plantaid) VALUES ('Ameixa sungold', 24);
INSERT INTO produtoagricola(nome, plantaid) VALUES ('Ameixa wilson perfection', 25);
INSERT INTO produtoagricola(nome, plantaid) VALUES ('Ameixa autumn giant', 26);
INSERT INTO produtoagricola(nome, plantaid) VALUES ('Damasco bulida', 27);
INSERT INTO produtoagricola(nome, plantaid) VALUES ('Damasco canino', 28);
INSERT INTO produtoagricola(nome, plantaid) VALUES ('Damasco liabaud', 29);
INSERT INTO produtoagricola(nome, plantaid) VALUES ('Damasco maillot jaune', 30);
INSERT INTO produtoagricola(nome, plantaid) VALUES ('Damasco polonais', 31);
INSERT INTO produtoagricola(nome, plantaid) VALUES ('Maçã akane', 32);
INSERT INTO produtoagricola(nome, plantaid) VALUES ('Maçã belgolden', 33);
INSERT INTO produtoagricola(nome, plantaid) VALUES ('Maçã bravo de esmolfe', 34);
INSERT INTO produtoagricola(nome, plantaid) VALUES ('Maçã casa nova de alcobaça', 35);
INSERT INTO produtoagricola(nome, plantaid) VALUES ('Maçã erovan', 36);
INSERT INTO produtoagricola(nome, plantaid) VALUES ('Maçã fuji', 37);
INSERT INTO produtoagricola(nome, plantaid) VALUES ('Maçã granny smith', 38);
INSERT INTO produtoagricola(nome, plantaid) VALUES ('Maçã golden delicious', 39);
INSERT INTO produtoagricola(nome, plantaid) VALUES ('Maçã hi-early', 40);
INSERT INTO produtoagricola(nome, plantaid) VALUES ('Maçã jonagored', 41);
INSERT INTO produtoagricola(nome, plantaid) VALUES ('Maçã lysgolden', 42);
INSERT INTO produtoagricola(nome, plantaid) VALUES ('Maçã mutsu', 43);
INSERT INTO produtoagricola(nome, plantaid) VALUES ('Maçã porta da loja', 44);
INSERT INTO produtoagricola(nome, plantaid) VALUES ('Maçã reinette ou canada', 45);
INSERT INTO produtoagricola(nome, plantaid) VALUES ('Maçã reinette ou grand fay', 46);
INSERT INTO produtoagricola(nome, plantaid) VALUES ('Maçã riscadinha de palmela', 47);
INSERT INTO produtoagricola(nome, plantaid) VALUES ('Maçã royal gala', 48);
INSERT INTO produtoagricola(nome, plantaid) VALUES ('Maçã redchief', 49);
INSERT INTO produtoagricola(nome, plantaid) VALUES ('Maçã starking', 50);
INSERT INTO produtoagricola(nome, plantaid) VALUES ('Maçã summer red', 51);
INSERT INTO produtoagricola(nome, plantaid) VALUES ('Maçã well''spur delicious', 52);
INSERT INTO produtoagricola(nome, plantaid) VALUES ('Maçã noiva', 53);
INSERT INTO produtoagricola(nome, plantaid) VALUES ('Maçã olho aberto', 54);
INSERT INTO produtoagricola(nome, plantaid) VALUES ('Maçã camoesa rosa', 55);
INSERT INTO produtoagricola(nome, plantaid) VALUES ('Maçã malápio', 56);
INSERT INTO produtoagricola(nome, plantaid) VALUES ('Maçã gronho doce', 57);
INSERT INTO produtoagricola(nome, plantaid) VALUES ('Maçã pé de boi', 58);
INSERT INTO produtoagricola(nome, plantaid) VALUES ('Maçã pinova', 59);
INSERT INTO produtoagricola(nome, plantaid) VALUES ('Maçã pardo lindo', 60);
INSERT INTO produtoagricola(nome, plantaid) VALUES ('Maçã pipo de basto', 61);
INSERT INTO produtoagricola(nome, plantaid) VALUES ('Maçã prima', 62);
INSERT INTO produtoagricola(nome, plantaid) VALUES ('Maçã querina', 63);
INSERT INTO produtoagricola(nome, plantaid) VALUES ('Maçã vista bella', 64);
INSERT INTO produtoagricola(nome, plantaid) VALUES ('Maçã golden smoothee', 65);
INSERT INTO produtoagricola(nome, plantaid) VALUES ('Maçã golden suprema', 66);
INSERT INTO produtoagricola(nome, plantaid) VALUES ('Maçã gloster 69', 67);
INSERT INTO produtoagricola(nome, plantaid) VALUES ('Maçã freedom', 68);
INSERT INTO produtoagricola(nome, plantaid) VALUES ('Pera nashi sninseiki', 69);
INSERT INTO produtoagricola(nome, plantaid) VALUES ('Pera nashi kumoi', 70);
INSERT INTO produtoagricola(nome, plantaid) VALUES ('Pera nashi hosui', 71);
INSERT INTO produtoagricola(nome, plantaid) VALUES ('Pera nashi nijisseiki', 72);
INSERT INTO produtoagricola(nome, plantaid) VALUES ('Cenoura carson hybrid', 73);
INSERT INTO produtoagricola(nome, plantaid) VALUES ('Cenoura red cored chantenay', 74);
INSERT INTO produtoagricola(nome, plantaid) VALUES ('Cenoura danvers half long', 75);
INSERT INTO produtoagricola(nome, plantaid) VALUES ('Cenoura imperator 58', 76);
INSERT INTO produtoagricola(nome, plantaid) VALUES ('Cenoura sugarsnax hybrid', 77);
INSERT INTO produtoagricola(nome, plantaid) VALUES ('Cenoura nelson hybrid', 78);
INSERT INTO produtoagricola(nome, plantaid) VALUES ('Cenoura scarlet nantes', 79);
INSERT INTO produtoagricola(nome, plantaid) VALUES ('Tremoço amarelo', 80);
INSERT INTO produtoagricola(nome, plantaid) VALUES ('Tremoço branco', 81);
INSERT INTO produtoagricola(nome, plantaid) VALUES ('Milho mas 24.c', 82);
INSERT INTO produtoagricola(nome, plantaid) VALUES ('Milho doce golden bantam', 83);
INSERT INTO produtoagricola(nome, plantaid) VALUES ('Nabo greleiro senhora conceição', 84);
INSERT INTO produtoagricola(nome, plantaid) VALUES ('Azeitona cobrançosa', 85);
INSERT INTO produtoagricola(nome, plantaid) VALUES ('Azeitona arbequina', 86);
INSERT INTO produtoagricola(nome, plantaid) VALUES ('Azeitona hojiblanca', 87);
INSERT INTO produtoagricola(nome, plantaid) VALUES ('Azeitona negrinha do freixo', 88);
INSERT INTO produtoagricola(nome, plantaid) VALUES ('Azeitona picual', 89);
INSERT INTO produtoagricola(nome, plantaid) VALUES ('Azeitona maçanilha', 90);
INSERT INTO produtoagricola(nome, plantaid) VALUES ('Azeitona conserva de elvas', 91);
INSERT INTO produtoagricola(nome, plantaid) VALUES ('Azeitona galega', 92);
INSERT INTO produtoagricola(nome, plantaid) VALUES ('Nabo s. cosme', 93);
INSERT INTO produtoagricola(nome, plantaid) VALUES ('Uva dona maria', 94);
INSERT INTO produtoagricola(nome, plantaid) VALUES ('Uva cardinal', 95);
INSERT INTO fatorproducao(nomecomercial, formulacao, fabricante,fatorproducaotipo,aplicacao) VALUES ('Calda bordalesa ascenza', 'Pó molhável', 'Ascenza', 'Fitofármaco', 'Fungicida');
INSERT INTO fatorproducao(nomecomercial, formulacao, fabricante,fatorproducaotipo,aplicacao) VALUES ('Enxofre bayer 80 wg', 'Pó molhável', 'Bayer', 'Fitofármaco', 'Fungicida');
INSERT INTO fatorproducao(nomecomercial, formulacao, fabricante,fatorproducaotipo,aplicacao) VALUES ('Patentkali', 'Granulado', 'K+s', 'Adubo', 'Adubo solo');
INSERT INTO fatorproducao(nomecomercial, formulacao, fabricante,fatorproducaotipo,aplicacao) VALUES ('Esta kieserit', 'Granulado', 'K+s', 'Adubo', 'Adubo solo');
INSERT INTO fatorproducao(nomecomercial, formulacao, fabricante,fatorproducaotipo,aplicacao) VALUES ('Epso microtop', 'Granulado', 'K+s', 'Adubo', 'Adubo foliar+fertirrega');
INSERT INTO fatorproducao(nomecomercial, formulacao, fabricante,fatorproducaotipo,aplicacao) VALUES ('Epso top', 'Granulado', 'K+s', 'Adubo', 'Adubo foliar');
INSERT INTO fatorproducao(nomecomercial, formulacao, fabricante,fatorproducaotipo,aplicacao) VALUES ('Biocal caco3', 'Granulado', 'Biocal', 'Corretor', 'Correção solo');
INSERT INTO fatorproducao(nomecomercial, formulacao, fabricante,fatorproducaotipo,aplicacao) VALUES ('Biocal composto', 'Pó', 'Biocal', 'Corretor', 'Correção solo');
INSERT INTO fatorproducao(nomecomercial, formulacao, fabricante,fatorproducaotipo,aplicacao) VALUES ('Sonata', 'Líquido', 'Bayer', 'Fitofármaco', 'Fungicida');
INSERT INTO fatorproducao(nomecomercial, formulacao, fabricante,fatorproducaotipo,aplicacao) VALUES ('Flipper ', 'Emulsão de óleo em água', 'Bayer', 'Fitofármaco', 'Insecticida');
INSERT INTO fatorproducao(nomecomercial, formulacao, fabricante,fatorproducaotipo,aplicacao) VALUES ('Requiem prime', 'Líquido', 'Bayer', 'Fitofármaco', 'Insecticida');
INSERT INTO fichatecnica(FatorProducaoID, Nome, quantidade) VALUES (1,'Cu',0.2);
INSERT INTO fichatecnica(FatorProducaoID, Nome, quantidade) VALUES (2,'S',0.8);
INSERT INTO fichatecnica(FatorProducaoID, Nome, quantidade) VALUES (3,'K',0.249);
INSERT INTO fichatecnica(FatorProducaoID, Nome, quantidade) VALUES (3,'Mg',0.06);
INSERT INTO fichatecnica(FatorProducaoID, Nome, quantidade) VALUES (3,'S',0.176);
INSERT INTO fichatecnica(FatorProducaoID, Nome, quantidade) VALUES (4,'Mg',0.151);
INSERT INTO fichatecnica(FatorProducaoID, Nome, quantidade) VALUES (4,'S',0.208);
INSERT INTO fichatecnica(FatorProducaoID, Nome, quantidade) VALUES (5,'Mg',0.09);
INSERT INTO fichatecnica(FatorProducaoID, Nome, quantidade) VALUES (5,'S',0.124);
INSERT INTO fichatecnica(FatorProducaoID, Nome, quantidade) VALUES (5,'B',0.009);
INSERT INTO fichatecnica(FatorProducaoID, Nome, quantidade) VALUES (5,'Mn',0.01);
INSERT INTO fichatecnica(FatorProducaoID, Nome, quantidade) VALUES (6,'Mg',0.096);
INSERT INTO fichatecnica(FatorProducaoID, Nome, quantidade) VALUES (6,'S',0.13);
INSERT INTO fichatecnica(FatorProducaoID, Nome, quantidade) VALUES (7,'Caco3',0.882);
INSERT INTO fichatecnica(FatorProducaoID, Nome, quantidade) VALUES (7,'Mgco3',0.019);
INSERT INTO fichatecnica(FatorProducaoID, Nome, quantidade) VALUES (8,'Caco3',0.717);
INSERT INTO fichatecnica(FatorProducaoID, Nome, quantidade) VALUES (8,'Mgco3',0.148);
INSERT INTO fichatecnica(FatorProducaoID, Nome, quantidade) VALUES (8,'Mgo',0.079);
INSERT INTO fichatecnica(FatorProducaoID, Nome, quantidade) VALUES (9,'Bacillus pumilus',0.9774);
INSERT INTO fichatecnica(FatorProducaoID, Nome, quantidade) VALUES (10,'Ácidos gordos (na forma de sais de potássio)',0.478);
INSERT INTO fichatecnica(FatorProducaoID, Nome, quantidade) VALUES (11,'Terpenóides',0.1442);
INSERT INTO cultura(ParcelaAgricolaID, PlantaID, unidade, quantidade, data_inicio, data_fim) VALUES (1, 80, 'ha', 1.1, TO_DATE('10-10-2020','DD-MM-YYYY'), TO_DATE('30-03-2021','DD-MM-YYYY'));
INSERT INTO cultura(ParcelaAgricolaID, PlantaID, unidade, quantidade, data_inicio, data_fim) VALUES (1, 83, 'ha', 0.9, TO_DATE('10-04-2021','DD-MM-YYYY'), TO_DATE('12-08-2021','DD-MM-YYYY'));
INSERT INTO cultura(ParcelaAgricolaID, PlantaID, unidade, quantidade, data_inicio, data_fim) VALUES (1, 80, 'ha', 1.1, TO_DATE('03-10-2021','DD-MM-YYYY'), TO_DATE('05-04-2022','DD-MM-YYYY'));
INSERT INTO cultura(ParcelaAgricolaID, PlantaID, unidade, quantidade, data_inicio, data_fim) VALUES (1, 83, 'ha', 0.9, TO_DATE('15-04-2022','DD-MM-YYYY'), TO_DATE('21-08-2022','DD-MM-YYYY'));
INSERT INTO cultura(ParcelaAgricolaID, PlantaID, unidade, quantidade, data_inicio, data_fim) VALUES (3, 82, 'ha', 1.2, TO_DATE('05-04-2020','DD-MM-YYYY'), TO_DATE('20-08-2020','DD-MM-YYYY'));
INSERT INTO cultura(ParcelaAgricolaID, PlantaID, unidade, quantidade, data_inicio, data_fim) VALUES (3, 80, 'ha', 1.3, TO_DATE('12-10-2020','DD-MM-YYYY'), TO_DATE('15-03-2021','DD-MM-YYYY'));
INSERT INTO cultura(ParcelaAgricolaID, PlantaID, unidade, quantidade, data_inicio, data_fim) VALUES (3, 82, 'ha', 1.2, TO_DATE('03-04-2021','DD-MM-YYYY'), TO_DATE('25-08-2021','DD-MM-YYYY'));
INSERT INTO cultura(ParcelaAgricolaID, PlantaID, unidade, quantidade, data_inicio, data_fim) VALUES (3, 80, 'ha', 1.3, TO_DATE('06-10-2021','DD-MM-YYYY'), TO_DATE('19-03-2022','DD-MM-YYYY'));
INSERT INTO cultura(ParcelaAgricolaID, PlantaID, unidade, quantidade, data_inicio, data_fim) VALUES (3, 82, 'ha', 1.2, TO_DATE('08-04-2022','DD-MM-YYYY'), TO_DATE('18-08-2022','DD-MM-YYYY'));
INSERT INTO cultura(ParcelaAgricolaID, PlantaID, unidade, quantidade, data_inicio, data_fim) VALUES (3, 80, 'ha', 1.3, TO_DATE('12-10-2022','DD-MM-YYYY'), TO_DATE('20-03-2023','DD-MM-YYYY'));
INSERT INTO cultura(ParcelaAgricolaID, PlantaID, unidade, quantidade, data_inicio, data_fim) VALUES (2, 92, 'un', 30.0, TO_DATE('06-10-2016','DD-MM-YYYY'), null);
INSERT INTO cultura(ParcelaAgricolaID, PlantaID, unidade, quantidade, data_inicio, data_fim) VALUES (2, 89, 'un', 20.0, TO_DATE('10-10-2016','DD-MM-YYYY'), null);
INSERT INTO cultura(ParcelaAgricolaID, PlantaID, unidade, quantidade, data_inicio, data_fim) VALUES (6, 79, 'ha', 0.15, TO_DATE('10-03-2020','DD-MM-YYYY'), TO_DATE('15-05-2020','DD-MM-YYYY'));
INSERT INTO cultura(ParcelaAgricolaID, PlantaID, unidade, quantidade, data_inicio, data_fim) VALUES (6, 78, 'ha', 0.1, TO_DATE('02-06-2020','DD-MM-YYYY'), TO_DATE('08-09-2020','DD-MM-YYYY'));
INSERT INTO cultura(ParcelaAgricolaID, PlantaID, unidade, quantidade, data_inicio, data_fim) VALUES (6, 93, 'ha', 0.2, TO_DATE('20-09-2020','DD-MM-YYYY'), TO_DATE('10-01-2021','DD-MM-YYYY'));
INSERT INTO cultura(ParcelaAgricolaID, PlantaID, unidade, quantidade, data_inicio, data_fim) VALUES (6, 77, 'ha', 0.15, TO_DATE('10-03-2021','DD-MM-YYYY'), TO_DATE('15-05-2021','DD-MM-YYYY'));
INSERT INTO cultura(ParcelaAgricolaID, PlantaID, unidade, quantidade, data_inicio, data_fim) VALUES (6, 75, 'ha', 0.1, TO_DATE('02-06-2021','DD-MM-YYYY'), TO_DATE('08-09-2021','DD-MM-YYYY'));
INSERT INTO cultura(ParcelaAgricolaID, PlantaID, unidade, quantidade, data_inicio, data_fim) VALUES (6, 93, 'ha', 0.2, TO_DATE('20-09-2021','DD-MM-YYYY'), TO_DATE('10-01-2022','DD-MM-YYYY'));
INSERT INTO cultura(ParcelaAgricolaID, PlantaID, unidade, quantidade, data_inicio, data_fim) VALUES (6, 77, 'ha', 0.15, TO_DATE('06-03-2022','DD-MM-YYYY'), TO_DATE('16-05-2022','DD-MM-YYYY'));
INSERT INTO cultura(ParcelaAgricolaID, PlantaID, unidade, quantidade, data_inicio, data_fim) VALUES (6, 78, 'ha', 0.15, TO_DATE('30-05-2022','DD-MM-YYYY'), TO_DATE('05-09-2022','DD-MM-YYYY'));
INSERT INTO cultura(ParcelaAgricolaID, PlantaID, unidade, quantidade, data_inicio, data_fim) VALUES (6, 84, 'ha', 0.25, TO_DATE('20-09-2022','DD-MM-YYYY'), TO_DATE('14-01-2023','DD-MM-YYYY'));
INSERT INTO cultura(ParcelaAgricolaID, PlantaID, unidade, quantidade, data_inicio, data_fim) VALUES (4, 41, 'un', 90.0, TO_DATE('07-01-2017','DD-MM-YYYY'), null);
INSERT INTO cultura(ParcelaAgricolaID, PlantaID, unidade, quantidade, data_inicio, data_fim) VALUES (4, 37, 'un', 60.0, TO_DATE('08-01-2017','DD-MM-YYYY'), null);
INSERT INTO cultura(ParcelaAgricolaID, PlantaID, unidade, quantidade, data_inicio, data_fim) VALUES (4, 48, 'un', 40.0, TO_DATE('08-01-2017','DD-MM-YYYY'), null);
INSERT INTO cultura(ParcelaAgricolaID, PlantaID, unidade, quantidade, data_inicio, data_fim) VALUES (4, 48, 'un', 30.0, TO_DATE('10-12-2018','DD-MM-YYYY'), null);
INSERT INTO cultura(ParcelaAgricolaID, PlantaID, unidade, quantidade, data_inicio, data_fim) VALUES (7, 94, 'un', 500.0, TO_DATE('10-01-2018','DD-MM-YYYY'), null);
INSERT INTO cultura(ParcelaAgricolaID, PlantaID, unidade, quantidade, data_inicio, data_fim) VALUES (7, 95, 'un', 700.0, TO_DATE('11-01-2018','DD-MM-YYYY'), null);
INSERT INTO operacaoagricola(tipooperacao, cadernocampoid, datarealizacao, quantidade, unidadedesignacao, culturaid, ParcelaAgricolaID) VALUES( 'Plantação', 1,  TO_DATE('10-10-2016','DD-MM-YYYY'),  20.0,  'un', 11, 2);
INSERT INTO operacaoagricola(tipooperacao, cadernocampoid, datarealizacao, quantidade, unidadedesignacao, culturaid, ParcelaAgricolaID) VALUES( 'Plantação', 1,  TO_DATE('08-01-2017','DD-MM-YYYY'),  60.0,  'un', 22, 4);
INSERT INTO operacaoagricola(tipooperacao, cadernocampoid, datarealizacao, quantidade, unidadedesignacao, culturaid, ParcelaAgricolaID) VALUES( 'Plantação', 1,  TO_DATE('08-01-2017','DD-MM-YYYY'),  40.0,  'un', 22, 4);
INSERT INTO operacaoagricola(tipooperacao, cadernocampoid, datarealizacao, quantidade, unidadedesignacao, culturaid, ParcelaAgricolaID) VALUES( 'Rega', 1,  TO_DATE('03-07-2017','DD-MM-YYYY'),  0.4,  'm3', 11, 2);
INSERT INTO operacaoagricola(tipooperacao, cadernocampoid, datarealizacao, quantidade, unidadedesignacao, culturaid, ParcelaAgricolaID) VALUES( 'Rega', 1,  TO_DATE('03-07-2017','DD-MM-YYYY'),  0.4,  'm3', 12, 2);
INSERT INTO operacaoagricola(tipooperacao, cadernocampoid, datarealizacao, quantidade, unidadedesignacao, culturaid, ParcelaAgricolaID) VALUES( 'Rega', 1,  TO_DATE('03-07-2017','DD-MM-YYYY'),  0.9,  'm3', 11, 2);
INSERT INTO operacaoagricola(tipooperacao, cadernocampoid, datarealizacao, quantidade, unidadedesignacao, culturaid, ParcelaAgricolaID) VALUES( 'Rega', 1,  TO_DATE('03-07-2017','DD-MM-YYYY'),  0.9,  'm3', 12, 2);
INSERT INTO operacaoagricola(tipooperacao, cadernocampoid, datarealizacao, quantidade, unidadedesignacao, culturaid, ParcelaAgricolaID) VALUES( 'Rega', 1,  TO_DATE('10-07-2017','DD-MM-YYYY'),  3.0,  'm3', 22, 4);
INSERT INTO operacaoagricola(tipooperacao, cadernocampoid, datarealizacao, quantidade, unidadedesignacao, culturaid, ParcelaAgricolaID) VALUES( 'Rega', 1,  TO_DATE('10-07-2017','DD-MM-YYYY'),  3.0,  'm3', 23, 4);
INSERT INTO operacaoagricola(tipooperacao, cadernocampoid, datarealizacao, quantidade, unidadedesignacao, culturaid, ParcelaAgricolaID) VALUES( 'Rega', 1,  TO_DATE('10-07-2017','DD-MM-YYYY'),  3.0,  'm3', 24, 4);
INSERT INTO operacaoagricola(tipooperacao, cadernocampoid, datarealizacao, quantidade, unidadedesignacao, culturaid, ParcelaAgricolaID) VALUES( 'Rega', 1,  TO_DATE('10-08-2017','DD-MM-YYYY'),  0.4,  'm3', 11, 2);
INSERT INTO operacaoagricola(tipooperacao, cadernocampoid, datarealizacao, quantidade, unidadedesignacao, culturaid, ParcelaAgricolaID) VALUES( 'Rega', 1,  TO_DATE('10-08-2017','DD-MM-YYYY'),  0.4,  'm3', 12, 2);
INSERT INTO operacaoagricola(tipooperacao, cadernocampoid, datarealizacao, quantidade, unidadedesignacao, culturaid, ParcelaAgricolaID) VALUES( 'Rega', 1,  TO_DATE('10-08-2017','DD-MM-YYYY'),  0.9,  'm3', 11, 2);
INSERT INTO operacaoagricola(tipooperacao, cadernocampoid, datarealizacao, quantidade, unidadedesignacao, culturaid, ParcelaAgricolaID) VALUES( 'Rega', 1,  TO_DATE('10-08-2017','DD-MM-YYYY'),  0.9,  'm3', 12, 2);
INSERT INTO operacaoagricola(tipooperacao, cadernocampoid, datarealizacao, quantidade, unidadedesignacao, culturaid, ParcelaAgricolaID) VALUES( 'Rega', 1,  TO_DATE('10-08-2017','DD-MM-YYYY'),  3.5,  'm3', 22, 4);
INSERT INTO operacaoagricola(tipooperacao, cadernocampoid, datarealizacao, quantidade, unidadedesignacao, culturaid, ParcelaAgricolaID) VALUES( 'Rega', 1,  TO_DATE('10-08-2017','DD-MM-YYYY'),  3.5,  'm3', 23, 4);
INSERT INTO operacaoagricola(tipooperacao, cadernocampoid, datarealizacao, quantidade, unidadedesignacao, culturaid, ParcelaAgricolaID) VALUES( 'Rega', 1,  TO_DATE('10-08-2017','DD-MM-YYYY'),  3.5,  'm3', 24, 4);
INSERT INTO operacaoagricola(tipooperacao, cadernocampoid, datarealizacao, quantidade, unidadedesignacao, culturaid, ParcelaAgricolaID) VALUES( 'Rega', 1,  TO_DATE('10-09-2017','DD-MM-YYYY'),  3.0,  'm3', 22, 4);
INSERT INTO operacaoagricola(tipooperacao, cadernocampoid, datarealizacao, quantidade, unidadedesignacao, culturaid, ParcelaAgricolaID) VALUES( 'Rega', 1,  TO_DATE('10-09-2017','DD-MM-YYYY'),  3.0,  'm3', 23, 4);
INSERT INTO operacaoagricola(tipooperacao, cadernocampoid, datarealizacao, quantidade, unidadedesignacao, culturaid, ParcelaAgricolaID) VALUES( 'Rega', 1,  TO_DATE('10-09-2017','DD-MM-YYYY'),  3.0,  'm3', 24, 4);
INSERT INTO operacaoagricola(tipooperacao, cadernocampoid, datarealizacao, quantidade, unidadedesignacao, culturaid, ParcelaAgricolaID) VALUES( 'Poda', 1,  TO_DATE('04-11-2017','DD-MM-YYYY'),  30.0,  'un', 11, 2);
INSERT INTO operacaoagricola(tipooperacao, cadernocampoid, datarealizacao, quantidade, unidadedesignacao, culturaid, ParcelaAgricolaID) VALUES( 'Poda', 1,  TO_DATE('04-11-2017','DD-MM-YYYY'),  30.0,  'un', 12, 2);
INSERT INTO operacaoagricola(tipooperacao, cadernocampoid, datarealizacao, quantidade, unidadedesignacao, culturaid, ParcelaAgricolaID) VALUES( 'Poda', 1,  TO_DATE('04-11-2017','DD-MM-YYYY'),  20.0,  'un', 11, 2);
INSERT INTO operacaoagricola(tipooperacao, cadernocampoid, datarealizacao, quantidade, unidadedesignacao, culturaid, ParcelaAgricolaID) VALUES( 'Poda', 1,  TO_DATE('04-11-2017','DD-MM-YYYY'),  20.0,  'un', 12, 2);
INSERT INTO operacaoagricola(tipooperacao, cadernocampoid, datarealizacao, quantidade, unidadedesignacao, culturaid, ParcelaAgricolaID) VALUES( 'Fertilização', 1,  TO_DATE('10-12-2017','DD-MM-YYYY'), null, null, 11, 2);
INSERT INTO aplicacaofator VALUES (25, 3,  'Solo',  15.0,  'kg');
INSERT INTO operacaoagricola(tipooperacao, cadernocampoid, datarealizacao, quantidade, unidadedesignacao, culturaid, ParcelaAgricolaID) VALUES( 'Fertilização', 1,  TO_DATE('10-12-2017','DD-MM-YYYY'), null, null, 12, 2);
INSERT INTO aplicacaofator VALUES (26, 3,  'Solo',  15.0,  'kg');
INSERT INTO operacaoagricola(tipooperacao, cadernocampoid, datarealizacao, quantidade, unidadedesignacao, culturaid, ParcelaAgricolaID) VALUES( 'Fertilização', 1,  TO_DATE('10-12-2017','DD-MM-YYYY'), null, null, 11, 2);
INSERT INTO aplicacaofator VALUES (27, 3,  'Solo',  10.0,  'kg');
INSERT INTO operacaoagricola(tipooperacao, cadernocampoid, datarealizacao, quantidade, unidadedesignacao, culturaid, ParcelaAgricolaID) VALUES( 'Fertilização', 1,  TO_DATE('10-12-2017','DD-MM-YYYY'), null, null, 12, 2);
INSERT INTO aplicacaofator VALUES (28, 3,  'Solo',  10.0,  'kg');
INSERT INTO operacaoagricola(tipooperacao, cadernocampoid, datarealizacao, quantidade, unidadedesignacao, culturaid, ParcelaAgricolaID) VALUES( 'Poda', 1,  TO_DATE('07-01-2018','DD-MM-YYYY'),  90.0,  'un', 22, 4);
INSERT INTO operacaoagricola(tipooperacao, cadernocampoid, datarealizacao, quantidade, unidadedesignacao, culturaid, ParcelaAgricolaID) VALUES( 'Poda', 1,  TO_DATE('07-01-2018','DD-MM-YYYY'),  90.0,  'un', 23, 4);
INSERT INTO operacaoagricola(tipooperacao, cadernocampoid, datarealizacao, quantidade, unidadedesignacao, culturaid, ParcelaAgricolaID) VALUES( 'Poda', 1,  TO_DATE('07-01-2018','DD-MM-YYYY'),  90.0,  'un', 24, 4);
INSERT INTO operacaoagricola(tipooperacao, cadernocampoid, datarealizacao, quantidade, unidadedesignacao, culturaid, ParcelaAgricolaID) VALUES( 'Poda', 1,  TO_DATE('08-01-2018','DD-MM-YYYY'),  60.0,  'un', 22, 4);
INSERT INTO operacaoagricola(tipooperacao, cadernocampoid, datarealizacao, quantidade, unidadedesignacao, culturaid, ParcelaAgricolaID) VALUES( 'Poda', 1,  TO_DATE('08-01-2018','DD-MM-YYYY'),  60.0,  'un', 23, 4);
INSERT INTO operacaoagricola(tipooperacao, cadernocampoid, datarealizacao, quantidade, unidadedesignacao, culturaid, ParcelaAgricolaID) VALUES( 'Poda', 1,  TO_DATE('08-01-2018','DD-MM-YYYY'),  60.0,  'un', 24, 4);
INSERT INTO operacaoagricola(tipooperacao, cadernocampoid, datarealizacao, quantidade, unidadedesignacao, culturaid, ParcelaAgricolaID) VALUES( 'Poda', 1,  TO_DATE('08-01-2018','DD-MM-YYYY'),  40.0,  'un', 22, 4);
INSERT INTO operacaoagricola(tipooperacao, cadernocampoid, datarealizacao, quantidade, unidadedesignacao, culturaid, ParcelaAgricolaID) VALUES( 'Poda', 1,  TO_DATE('08-01-2018','DD-MM-YYYY'),  40.0,  'un', 23, 4);
INSERT INTO operacaoagricola(tipooperacao, cadernocampoid, datarealizacao, quantidade, unidadedesignacao, culturaid, ParcelaAgricolaID) VALUES( 'Poda', 1,  TO_DATE('08-01-2018','DD-MM-YYYY'),  40.0,  'un', 24, 4);
INSERT INTO operacaoagricola(tipooperacao, cadernocampoid, datarealizacao, quantidade, unidadedesignacao, culturaid, ParcelaAgricolaID) VALUES( 'Plantação', 1,  TO_DATE('11-01-2018','DD-MM-YYYY'),  700.0,  'un', 26, 7);
INSERT INTO operacaoagricola(tipooperacao, cadernocampoid, datarealizacao, quantidade, unidadedesignacao, culturaid, ParcelaAgricolaID) VALUES( 'Fertilização', 1,  TO_DATE('06-02-2018','DD-MM-YYYY'), null, null, 22, 4);
INSERT INTO aplicacaofator VALUES (39, 4,  'Solo',  10.0,  'kg');
INSERT INTO operacaoagricola(tipooperacao, cadernocampoid, datarealizacao, quantidade, unidadedesignacao, culturaid, ParcelaAgricolaID) VALUES( 'Fertilização', 1,  TO_DATE('06-02-2018','DD-MM-YYYY'), null, null, 23, 4);
INSERT INTO aplicacaofator VALUES (40, 4,  'Solo',  10.0,  'kg');
INSERT INTO operacaoagricola(tipooperacao, cadernocampoid, datarealizacao, quantidade, unidadedesignacao, culturaid, ParcelaAgricolaID) VALUES( 'Fertilização', 1,  TO_DATE('06-02-2018','DD-MM-YYYY'), null, null, 24, 4);
INSERT INTO aplicacaofator VALUES (41, 4,  'Solo',  10.0,  'kg');
INSERT INTO operacaoagricola(tipooperacao, cadernocampoid, datarealizacao, quantidade, unidadedesignacao, culturaid, ParcelaAgricolaID) VALUES( 'Fertilização', 1,  TO_DATE('06-02-2018','DD-MM-YYYY'), null, null, 22, 4);
INSERT INTO aplicacaofator VALUES (42, 4,  'Solo',  6.0,  'kg');
INSERT INTO operacaoagricola(tipooperacao, cadernocampoid, datarealizacao, quantidade, unidadedesignacao, culturaid, ParcelaAgricolaID) VALUES( 'Fertilização', 1,  TO_DATE('06-02-2018','DD-MM-YYYY'), null, null, 23, 4);
INSERT INTO aplicacaofator VALUES (43, 4,  'Solo',  6.0,  'kg');
INSERT INTO operacaoagricola(tipooperacao, cadernocampoid, datarealizacao, quantidade, unidadedesignacao, culturaid, ParcelaAgricolaID) VALUES( 'Fertilização', 1,  TO_DATE('06-02-2018','DD-MM-YYYY'), null, null, 24, 4);
INSERT INTO aplicacaofator VALUES (44, 4,  'Solo',  6.0,  'kg');
INSERT INTO operacaoagricola(tipooperacao, cadernocampoid, datarealizacao, quantidade, unidadedesignacao, culturaid, ParcelaAgricolaID) VALUES( 'Fertilização', 1,  TO_DATE('06-02-2018','DD-MM-YYYY'), null, null, 22, 4);
INSERT INTO aplicacaofator VALUES (45, 4,  'Solo',  5.0,  'kg');
INSERT INTO operacaoagricola(tipooperacao, cadernocampoid, datarealizacao, quantidade, unidadedesignacao, culturaid, ParcelaAgricolaID) VALUES( 'Fertilização', 1,  TO_DATE('06-02-2018','DD-MM-YYYY'), null, null, 23, 4);
INSERT INTO aplicacaofator VALUES (46, 4,  'Solo',  5.0,  'kg');
INSERT INTO operacaoagricola(tipooperacao, cadernocampoid, datarealizacao, quantidade, unidadedesignacao, culturaid, ParcelaAgricolaID) VALUES( 'Fertilização', 1,  TO_DATE('06-02-2018','DD-MM-YYYY'), null, null, 24, 4);
INSERT INTO aplicacaofator VALUES (47, 4,  'Solo',  5.0,  'kg');
INSERT INTO operacaoagricola(tipooperacao, cadernocampoid, datarealizacao, quantidade, unidadedesignacao, culturaid, ParcelaAgricolaID) VALUES( 'Rega', 1,  TO_DATE('03-07-2018','DD-MM-YYYY'),  1.0,  'm3', 11, 2);
INSERT INTO operacaoagricola(tipooperacao, cadernocampoid, datarealizacao, quantidade, unidadedesignacao, culturaid, ParcelaAgricolaID) VALUES( 'Rega', 1,  TO_DATE('03-07-2018','DD-MM-YYYY'),  1.0,  'm3', 12, 2);
INSERT INTO operacaoagricola(tipooperacao, cadernocampoid, datarealizacao, quantidade, unidadedesignacao, culturaid, ParcelaAgricolaID) VALUES( 'Rega', 1,  TO_DATE('03-07-2018','DD-MM-YYYY'),  1.5,  'm3', 11, 2);
INSERT INTO operacaoagricola(tipooperacao, cadernocampoid, datarealizacao, quantidade, unidadedesignacao, culturaid, ParcelaAgricolaID) VALUES( 'Rega', 1,  TO_DATE('03-07-2018','DD-MM-YYYY'),  1.5,  'm3', 12, 2);
INSERT INTO operacaoagricola(tipooperacao, cadernocampoid, datarealizacao, quantidade, unidadedesignacao, culturaid, ParcelaAgricolaID) VALUES( 'Rega', 1,  TO_DATE('10-07-2018','DD-MM-YYYY'),  3.5,  'm3', 22, 4);
INSERT INTO operacaoagricola(tipooperacao, cadernocampoid, datarealizacao, quantidade, unidadedesignacao, culturaid, ParcelaAgricolaID) VALUES( 'Rega', 1,  TO_DATE('10-07-2018','DD-MM-YYYY'),  3.5,  'm3', 23, 4);
INSERT INTO operacaoagricola(tipooperacao, cadernocampoid, datarealizacao, quantidade, unidadedesignacao, culturaid, ParcelaAgricolaID) VALUES( 'Rega', 1,  TO_DATE('10-07-2018','DD-MM-YYYY'),  3.5,  'm3', 24, 4);
INSERT INTO operacaoagricola(tipooperacao, cadernocampoid, datarealizacao, quantidade, unidadedesignacao, culturaid, ParcelaAgricolaID) VALUES( 'Rega', 1,  TO_DATE('10-07-2018','DD-MM-YYYY'),  6.0,  'm3', 26, 7);
INSERT INTO operacaoagricola(tipooperacao, cadernocampoid, datarealizacao, quantidade, unidadedesignacao, culturaid, ParcelaAgricolaID) VALUES( 'Rega', 1,  TO_DATE('10-08-2018','DD-MM-YYYY'),  1.0,  'm3', 11, 2);
INSERT INTO operacaoagricola(tipooperacao, cadernocampoid, datarealizacao, quantidade, unidadedesignacao, culturaid, ParcelaAgricolaID) VALUES( 'Rega', 1,  TO_DATE('10-08-2018','DD-MM-YYYY'),  1.0,  'm3', 12, 2);
INSERT INTO operacaoagricola(tipooperacao, cadernocampoid, datarealizacao, quantidade, unidadedesignacao, culturaid, ParcelaAgricolaID) VALUES( 'Rega', 1,  TO_DATE('10-08-2018','DD-MM-YYYY'),  1.5,  'm3', 11, 2);
INSERT INTO operacaoagricola(tipooperacao, cadernocampoid, datarealizacao, quantidade, unidadedesignacao, culturaid, ParcelaAgricolaID) VALUES( 'Rega', 1,  TO_DATE('10-08-2018','DD-MM-YYYY'),  1.5,  'm3', 12, 2);
INSERT INTO operacaoagricola(tipooperacao, cadernocampoid, datarealizacao, quantidade, unidadedesignacao, culturaid, ParcelaAgricolaID) VALUES( 'Rega', 1,  TO_DATE('10-08-2018','DD-MM-YYYY'),  4.0,  'm3', 22, 4);
INSERT INTO operacaoagricola(tipooperacao, cadernocampoid, datarealizacao, quantidade, unidadedesignacao, culturaid, ParcelaAgricolaID) VALUES( 'Rega', 1,  TO_DATE('10-08-2018','DD-MM-YYYY'),  4.0,  'm3', 23, 4);
INSERT INTO operacaoagricola(tipooperacao, cadernocampoid, datarealizacao, quantidade, unidadedesignacao, culturaid, ParcelaAgricolaID) VALUES( 'Rega', 1,  TO_DATE('10-08-2018','DD-MM-YYYY'),  4.0,  'm3', 24, 4);
INSERT INTO operacaoagricola(tipooperacao, cadernocampoid, datarealizacao, quantidade, unidadedesignacao, culturaid, ParcelaAgricolaID) VALUES( 'Rega', 1,  TO_DATE('11-08-2018','DD-MM-YYYY'),  7.0,  'm3', 26, 7);
INSERT INTO operacaoagricola(tipooperacao, cadernocampoid, datarealizacao, quantidade, unidadedesignacao, culturaid, ParcelaAgricolaID) VALUES( 'Rega', 1,  TO_DATE('02-09-2018','DD-MM-YYYY'),  4.0,  'm3', 22, 4);
INSERT INTO operacaoagricola(tipooperacao, cadernocampoid, datarealizacao, quantidade, unidadedesignacao, culturaid, ParcelaAgricolaID) VALUES( 'Rega', 1,  TO_DATE('02-09-2018','DD-MM-YYYY'),  4.0,  'm3', 23, 4);
INSERT INTO operacaoagricola(tipooperacao, cadernocampoid, datarealizacao, quantidade, unidadedesignacao, culturaid, ParcelaAgricolaID) VALUES( 'Rega', 1,  TO_DATE('02-09-2018','DD-MM-YYYY'),  4.0,  'm3', 24, 4);
INSERT INTO operacaoagricola(tipooperacao, cadernocampoid, datarealizacao, quantidade, unidadedesignacao, culturaid, ParcelaAgricolaID) VALUES( 'Rega', 1,  TO_DATE('10-09-2018','DD-MM-YYYY'),  4.0,  'm3', 22, 4);
INSERT INTO operacaoagricola(tipooperacao, cadernocampoid, datarealizacao, quantidade, unidadedesignacao, culturaid, ParcelaAgricolaID) VALUES( 'Rega', 1,  TO_DATE('10-09-2018','DD-MM-YYYY'),  4.0,  'm3', 23, 4);
INSERT INTO operacaoagricola(tipooperacao, cadernocampoid, datarealizacao, quantidade, unidadedesignacao, culturaid, ParcelaAgricolaID) VALUES( 'Rega', 1,  TO_DATE('10-09-2018','DD-MM-YYYY'),  4.0,  'm3', 24, 4);
INSERT INTO operacaoagricola(tipooperacao, cadernocampoid, datarealizacao, quantidade, unidadedesignacao, culturaid, ParcelaAgricolaID) VALUES( 'Poda', 1,  TO_DATE('17-11-2018','DD-MM-YYYY'),  30.0,  'un', 11, 2);
INSERT INTO operacaoagricola(tipooperacao, cadernocampoid, datarealizacao, quantidade, unidadedesignacao, culturaid, ParcelaAgricolaID) VALUES( 'Poda', 1,  TO_DATE('17-11-2018','DD-MM-YYYY'),  30.0,  'un', 12, 2);
INSERT INTO operacaoagricola(tipooperacao, cadernocampoid, datarealizacao, quantidade, unidadedesignacao, culturaid, ParcelaAgricolaID) VALUES( 'Poda', 1,  TO_DATE('17-11-2018','DD-MM-YYYY'),  20.0,  'un', 11, 2);
INSERT INTO operacaoagricola(tipooperacao, cadernocampoid, datarealizacao, quantidade, unidadedesignacao, culturaid, ParcelaAgricolaID) VALUES( 'Poda', 1,  TO_DATE('17-11-2018','DD-MM-YYYY'),  20.0,  'un', 12, 2);
INSERT INTO operacaoagricola(tipooperacao, cadernocampoid, datarealizacao, quantidade, unidadedesignacao, culturaid, ParcelaAgricolaID) VALUES( 'Plantação', 1,  TO_DATE('10-12-2018','DD-MM-YYYY'),  30.0,  'un', 22, 4);
INSERT INTO operacaoagricola(tipooperacao, cadernocampoid, datarealizacao, quantidade, unidadedesignacao, culturaid, ParcelaAgricolaID) VALUES( 'Plantação', 1,  TO_DATE('10-12-2018','DD-MM-YYYY'),  30.0,  'un', 23, 4);
INSERT INTO operacaoagricola(tipooperacao, cadernocampoid, datarealizacao, quantidade, unidadedesignacao, culturaid, ParcelaAgricolaID) VALUES( 'Plantação', 1,  TO_DATE('10-12-2018','DD-MM-YYYY'),  30.0,  'un', 24, 4);
INSERT INTO operacaoagricola(tipooperacao, cadernocampoid, datarealizacao, quantidade, unidadedesignacao, culturaid, ParcelaAgricolaID) VALUES( 'Poda', 1,  TO_DATE('16-12-2018','DD-MM-YYYY'),  500.0,  'un', 26, 7);
INSERT INTO operacaoagricola(tipooperacao, cadernocampoid, datarealizacao, quantidade, unidadedesignacao, culturaid, ParcelaAgricolaID) VALUES( 'Poda', 1,  TO_DATE('18-12-2018','DD-MM-YYYY'),  700.0,  'un', 26, 7);
INSERT INTO operacaoagricola(tipooperacao, cadernocampoid, datarealizacao, quantidade, unidadedesignacao, culturaid, ParcelaAgricolaID) VALUES( 'Poda', 1,  TO_DATE('07-01-2019','DD-MM-YYYY'),  90.0,  'un', 22, 4);
INSERT INTO operacaoagricola(tipooperacao, cadernocampoid, datarealizacao, quantidade, unidadedesignacao, culturaid, ParcelaAgricolaID) VALUES( 'Poda', 1,  TO_DATE('07-01-2019','DD-MM-YYYY'),  90.0,  'un', 23, 4);
INSERT INTO operacaoagricola(tipooperacao, cadernocampoid, datarealizacao, quantidade, unidadedesignacao, culturaid, ParcelaAgricolaID) VALUES( 'Poda', 1,  TO_DATE('07-01-2019','DD-MM-YYYY'),  90.0,  'un', 24, 4);
INSERT INTO operacaoagricola(tipooperacao, cadernocampoid, datarealizacao, quantidade, unidadedesignacao, culturaid, ParcelaAgricolaID) VALUES( 'Poda', 1,  TO_DATE('08-01-2019','DD-MM-YYYY'),  60.0,  'un', 22, 4);
INSERT INTO operacaoagricola(tipooperacao, cadernocampoid, datarealizacao, quantidade, unidadedesignacao, culturaid, ParcelaAgricolaID) VALUES( 'Poda', 1,  TO_DATE('08-01-2019','DD-MM-YYYY'),  60.0,  'un', 23, 4);
INSERT INTO operacaoagricola(tipooperacao, cadernocampoid, datarealizacao, quantidade, unidadedesignacao, culturaid, ParcelaAgricolaID) VALUES( 'Poda', 1,  TO_DATE('08-01-2019','DD-MM-YYYY'),  60.0,  'un', 24, 4);
INSERT INTO operacaoagricola(tipooperacao, cadernocampoid, datarealizacao, quantidade, unidadedesignacao, culturaid, ParcelaAgricolaID) VALUES( 'Poda', 1,  TO_DATE('08-01-2019','DD-MM-YYYY'),  40.0,  'un', 22, 4);
INSERT INTO operacaoagricola(tipooperacao, cadernocampoid, datarealizacao, quantidade, unidadedesignacao, culturaid, ParcelaAgricolaID) VALUES( 'Poda', 1,  TO_DATE('08-01-2019','DD-MM-YYYY'),  40.0,  'un', 23, 4);
INSERT INTO operacaoagricola(tipooperacao, cadernocampoid, datarealizacao, quantidade, unidadedesignacao, culturaid, ParcelaAgricolaID) VALUES( 'Poda', 1,  TO_DATE('08-01-2019','DD-MM-YYYY'),  40.0,  'un', 24, 4);
INSERT INTO operacaoagricola(tipooperacao, cadernocampoid, datarealizacao, quantidade, unidadedesignacao, culturaid, ParcelaAgricolaID) VALUES( 'Aplicação fitofármaco', 1,  TO_DATE('20-01-2019','DD-MM-YYYY'), null, null, 26, 7);
INSERT INTO aplicacaofator VALUES (88, 1,  null,  2.0,  'kg');
INSERT INTO operacaoagricola(tipooperacao, cadernocampoid, datarealizacao, quantidade, unidadedesignacao, culturaid, ParcelaAgricolaID) VALUES( 'Aplicação fitofármaco', 1,  TO_DATE('20-01-2019','DD-MM-YYYY'), null, null, 26, 7);
INSERT INTO aplicacaofator VALUES (89, 1,  null,  2.5,  'kg');
INSERT INTO operacaoagricola(tipooperacao, cadernocampoid, datarealizacao, quantidade, unidadedesignacao, culturaid, ParcelaAgricolaID) VALUES( 'Fertilização', 1,  TO_DATE('06-02-2019','DD-MM-YYYY'), null, null, 22, 4);
INSERT INTO aplicacaofator VALUES (90, 4,  'Solo',  10.0,  'kg');
INSERT INTO operacaoagricola(tipooperacao, cadernocampoid, datarealizacao, quantidade, unidadedesignacao, culturaid, ParcelaAgricolaID) VALUES( 'Fertilização', 1,  TO_DATE('06-02-2019','DD-MM-YYYY'), null, null, 23, 4);
INSERT INTO aplicacaofator VALUES (91, 4,  'Solo',  10.0,  'kg');
INSERT INTO operacaoagricola(tipooperacao, cadernocampoid, datarealizacao, quantidade, unidadedesignacao, culturaid, ParcelaAgricolaID) VALUES( 'Fertilização', 1,  TO_DATE('06-02-2019','DD-MM-YYYY'), null, null, 24, 4);
INSERT INTO aplicacaofator VALUES (92, 4,  'Solo',  10.0,  'kg');
INSERT INTO operacaoagricola(tipooperacao, cadernocampoid, datarealizacao, quantidade, unidadedesignacao, culturaid, ParcelaAgricolaID) VALUES( 'Fertilização', 1,  TO_DATE('06-02-2019','DD-MM-YYYY'), null, null, 24, 4);
INSERT INTO aplicacaofator VALUES (93, 4,  'Solo',  10.0,  'kg');
INSERT INTO operacaoagricola(tipooperacao, cadernocampoid, datarealizacao, quantidade, unidadedesignacao, culturaid, ParcelaAgricolaID) VALUES( 'Fertilização', 1,  TO_DATE('06-02-2019','DD-MM-YYYY'), null, null, 22, 4);
INSERT INTO aplicacaofator VALUES (94, 4,  'Solo',  5.0,  'kg');
INSERT INTO operacaoagricola(tipooperacao, cadernocampoid, datarealizacao, quantidade, unidadedesignacao, culturaid, ParcelaAgricolaID) VALUES( 'Fertilização', 1,  TO_DATE('06-02-2019','DD-MM-YYYY'), null, null, 23, 4);
INSERT INTO aplicacaofator VALUES (95, 4,  'Solo',  5.0,  'kg');
INSERT INTO operacaoagricola(tipooperacao, cadernocampoid, datarealizacao, quantidade, unidadedesignacao, culturaid, ParcelaAgricolaID) VALUES( 'Fertilização', 1,  TO_DATE('06-02-2019','DD-MM-YYYY'), null, null, 24, 4);
INSERT INTO aplicacaofator VALUES (96, 4,  'Solo',  5.0,  'kg');
INSERT INTO operacaoagricola(tipooperacao, cadernocampoid, datarealizacao, quantidade, unidadedesignacao, culturaid, ParcelaAgricolaID) VALUES( 'Fertilização', 1,  TO_DATE('06-02-2019','DD-MM-YYYY'), null, null, 24, 4);
INSERT INTO aplicacaofator VALUES (97, 4,  'Solo',  5.0,  'kg');
INSERT INTO operacaoagricola(tipooperacao, cadernocampoid, datarealizacao, quantidade, unidadedesignacao, culturaid, ParcelaAgricolaID) VALUES( 'Fertilização', 1,  TO_DATE('06-02-2019','DD-MM-YYYY'), null, null, 22, 4);
INSERT INTO aplicacaofator VALUES (98, 4,  'Solo',  7.0,  'kg');
INSERT INTO operacaoagricola(tipooperacao, cadernocampoid, datarealizacao, quantidade, unidadedesignacao, culturaid, ParcelaAgricolaID) VALUES( 'Fertilização', 1,  TO_DATE('06-02-2019','DD-MM-YYYY'), null, null, 23, 4);
INSERT INTO aplicacaofator VALUES (99, 4,  'Solo',  7.0,  'kg');
INSERT INTO operacaoagricola(tipooperacao, cadernocampoid, datarealizacao, quantidade, unidadedesignacao, culturaid, ParcelaAgricolaID) VALUES( 'Fertilização', 1,  TO_DATE('06-02-2019','DD-MM-YYYY'), null, null, 24, 4);
INSERT INTO aplicacaofator VALUES (100, 4,  'Solo',  7.0,  'kg');
INSERT INTO operacaoagricola(tipooperacao, cadernocampoid, datarealizacao, quantidade, unidadedesignacao, culturaid, ParcelaAgricolaID) VALUES( 'Fertilização', 1,  TO_DATE('06-02-2019','DD-MM-YYYY'), null, null, 24, 4);
INSERT INTO aplicacaofator VALUES (101, 4,  'Solo',  7.0,  'kg');
INSERT INTO operacaoagricola(tipooperacao, cadernocampoid, datarealizacao, quantidade, unidadedesignacao, culturaid, ParcelaAgricolaID) VALUES( 'Rega', 1,  TO_DATE('03-07-2019','DD-MM-YYYY'),  1.0,  'm3', 11, 2);
INSERT INTO operacaoagricola(tipooperacao, cadernocampoid, datarealizacao, quantidade, unidadedesignacao, culturaid, ParcelaAgricolaID) VALUES( 'Rega', 1,  TO_DATE('03-07-2019','DD-MM-YYYY'),  1.0,  'm3', 12, 2);
INSERT INTO operacaoagricola(tipooperacao, cadernocampoid, datarealizacao, quantidade, unidadedesignacao, culturaid, ParcelaAgricolaID) VALUES( 'Rega', 1,  TO_DATE('03-07-2019','DD-MM-YYYY'),  1.5,  'm3', 11, 2);
INSERT INTO operacaoagricola(tipooperacao, cadernocampoid, datarealizacao, quantidade, unidadedesignacao, culturaid, ParcelaAgricolaID) VALUES( 'Rega', 1,  TO_DATE('03-07-2019','DD-MM-YYYY'),  1.5,  'm3', 12, 2);
INSERT INTO operacaoagricola(tipooperacao, cadernocampoid, datarealizacao, quantidade, unidadedesignacao, culturaid, ParcelaAgricolaID) VALUES( 'Rega', 1,  TO_DATE('03-07-2019','DD-MM-YYYY'),  4.0,  'm3', 22, 4);
INSERT INTO operacaoagricola(tipooperacao, cadernocampoid, datarealizacao, quantidade, unidadedesignacao, culturaid, ParcelaAgricolaID) VALUES( 'Rega', 1,  TO_DATE('03-07-2019','DD-MM-YYYY'),  4.0,  'm3', 23, 4);
INSERT INTO operacaoagricola(tipooperacao, cadernocampoid, datarealizacao, quantidade, unidadedesignacao, culturaid, ParcelaAgricolaID) VALUES( 'Rega', 1,  TO_DATE('03-07-2019','DD-MM-YYYY'),  4.0,  'm3', 24, 4);
INSERT INTO operacaoagricola(tipooperacao, cadernocampoid, datarealizacao, quantidade, unidadedesignacao, culturaid, ParcelaAgricolaID) VALUES( 'Rega', 1,  TO_DATE('10-07-2019','DD-MM-YYYY'),  6.0,  'm3', 26, 7);
INSERT INTO operacaoagricola(tipooperacao, cadernocampoid, datarealizacao, quantidade, unidadedesignacao, culturaid, ParcelaAgricolaID) VALUES( 'Rega', 1,  TO_DATE('10-08-2019','DD-MM-YYYY'),  1.0,  'm3', 11, 2);
INSERT INTO operacaoagricola(tipooperacao, cadernocampoid, datarealizacao, quantidade, unidadedesignacao, culturaid, ParcelaAgricolaID) VALUES( 'Rega', 1,  TO_DATE('10-08-2019','DD-MM-YYYY'),  1.0,  'm3', 12, 2);
INSERT INTO operacaoagricola(tipooperacao, cadernocampoid, datarealizacao, quantidade, unidadedesignacao, culturaid, ParcelaAgricolaID) VALUES( 'Rega', 1,  TO_DATE('10-08-2019','DD-MM-YYYY'),  1.5,  'm3', 11, 2);
INSERT INTO operacaoagricola(tipooperacao, cadernocampoid, datarealizacao, quantidade, unidadedesignacao, culturaid, ParcelaAgricolaID) VALUES( 'Rega', 1,  TO_DATE('10-08-2019','DD-MM-YYYY'),  1.5,  'm3', 12, 2);
INSERT INTO operacaoagricola(tipooperacao, cadernocampoid, datarealizacao, quantidade, unidadedesignacao, culturaid, ParcelaAgricolaID) VALUES( 'Rega', 1,  TO_DATE('10-08-2019','DD-MM-YYYY'),  4.5,  'm3', 22, 4);
INSERT INTO operacaoagricola(tipooperacao, cadernocampoid, datarealizacao, quantidade, unidadedesignacao, culturaid, ParcelaAgricolaID) VALUES( 'Rega', 1,  TO_DATE('10-08-2019','DD-MM-YYYY'),  4.5,  'm3', 23, 4);
INSERT INTO operacaoagricola(tipooperacao, cadernocampoid, datarealizacao, quantidade, unidadedesignacao, culturaid, ParcelaAgricolaID) VALUES( 'Rega', 1,  TO_DATE('10-08-2019','DD-MM-YYYY'),  4.5,  'm3', 24, 4);
INSERT INTO operacaoagricola(tipooperacao, cadernocampoid, datarealizacao, quantidade, unidadedesignacao, culturaid, ParcelaAgricolaID) VALUES( 'Rega', 1,  TO_DATE('11-08-2019','DD-MM-YYYY'),  7.0,  'm3', 26, 7);
INSERT INTO operacaoagricola(tipooperacao, cadernocampoid, datarealizacao, quantidade, unidadedesignacao, culturaid, ParcelaAgricolaID) VALUES( 'Poda', 1,  TO_DATE('15-11-2019','DD-MM-YYYY'),  30.0,  'un', 11, 2);
INSERT INTO operacaoagricola(tipooperacao, cadernocampoid, datarealizacao, quantidade, unidadedesignacao, culturaid, ParcelaAgricolaID) VALUES( 'Poda', 1,  TO_DATE('15-11-2019','DD-MM-YYYY'),  30.0,  'un', 12, 2);
INSERT INTO operacaoagricola(tipooperacao, cadernocampoid, datarealizacao, quantidade, unidadedesignacao, culturaid, ParcelaAgricolaID) VALUES( 'Poda', 1,  TO_DATE('15-11-2019','DD-MM-YYYY'),  20.0,  'un', 11, 2);
INSERT INTO operacaoagricola(tipooperacao, cadernocampoid, datarealizacao, quantidade, unidadedesignacao, culturaid, ParcelaAgricolaID) VALUES( 'Poda', 1,  TO_DATE('15-11-2019','DD-MM-YYYY'),  20.0,  'un', 12, 2);
INSERT INTO operacaoagricola(tipooperacao, cadernocampoid, datarealizacao, quantidade, unidadedesignacao, culturaid, ParcelaAgricolaID) VALUES( 'Poda', 1,  TO_DATE('16-12-2019','DD-MM-YYYY'),  500.0,  'un', 26, 7);
INSERT INTO operacaoagricola(tipooperacao, cadernocampoid, datarealizacao, quantidade, unidadedesignacao, culturaid, ParcelaAgricolaID) VALUES( 'Poda', 1,  TO_DATE('18-12-2019','DD-MM-YYYY'),  700.0,  'un', 26, 7);
INSERT INTO operacaoagricola(tipooperacao, cadernocampoid, datarealizacao, quantidade, unidadedesignacao, culturaid, ParcelaAgricolaID) VALUES( 'Aplicação fitofármaco', 1,  TO_DATE('20-01-2020','DD-MM-YYYY'), null, null, 26, 7);
INSERT INTO aplicacaofator VALUES (124, 1,  null,  2.0,  'kg');
INSERT INTO operacaoagricola(tipooperacao, cadernocampoid, datarealizacao, quantidade, unidadedesignacao, culturaid, ParcelaAgricolaID) VALUES( 'Aplicação fitofármaco', 1,  TO_DATE('20-01-2020','DD-MM-YYYY'), null, null, 26, 7);
INSERT INTO aplicacaofator VALUES (125, 1,  null,  2.5,  'kg');
INSERT INTO operacaoagricola(tipooperacao, cadernocampoid, datarealizacao, quantidade, unidadedesignacao, culturaid, ParcelaAgricolaID) VALUES( 'Sementeira', 1,  TO_DATE('12-03-2020','DD-MM-YYYY'),  0.9,  'kg', 13, 6);
INSERT INTO operacaoagricola(tipooperacao, cadernocampoid, datarealizacao, quantidade, unidadedesignacao, culturaid, ParcelaAgricolaID) VALUES( 'Colheita', 1,  TO_DATE('05-05-2020','DD-MM-YYYY'), null, null, 13, 6);
INSERT INTO recolhaproduto VALUES (127, 79,  2200.0,  'kg');
INSERT INTO operacaoagricola(tipooperacao, cadernocampoid, datarealizacao, quantidade, unidadedesignacao, culturaid, ParcelaAgricolaID) VALUES( 'Colheita', 1,  TO_DATE('15-05-2020','DD-MM-YYYY'), null, null, 13, 6);
INSERT INTO recolhaproduto VALUES (128, 79,  1400.0,  'kg');
INSERT INTO operacaoagricola(tipooperacao, cadernocampoid, datarealizacao, quantidade, unidadedesignacao, culturaid, ParcelaAgricolaID) VALUES( 'Rega', 1,  TO_DATE('03-07-2020','DD-MM-YYYY'),  1.0,  'm3', 11, 2);
INSERT INTO operacaoagricola(tipooperacao, cadernocampoid, datarealizacao, quantidade, unidadedesignacao, culturaid, ParcelaAgricolaID) VALUES( 'Rega', 1,  TO_DATE('03-07-2020','DD-MM-YYYY'),  1.0,  'm3', 12, 2);
INSERT INTO operacaoagricola(tipooperacao, cadernocampoid, datarealizacao, quantidade, unidadedesignacao, culturaid, ParcelaAgricolaID) VALUES( 'Rega', 1,  TO_DATE('03-07-2020','DD-MM-YYYY'),  1.5,  'm3', 11, 2);
INSERT INTO operacaoagricola(tipooperacao, cadernocampoid, datarealizacao, quantidade, unidadedesignacao, culturaid, ParcelaAgricolaID) VALUES( 'Rega', 1,  TO_DATE('03-07-2020','DD-MM-YYYY'),  1.5,  'm3', 12, 2);
INSERT INTO operacaoagricola(tipooperacao, cadernocampoid, datarealizacao, quantidade, unidadedesignacao, culturaid, ParcelaAgricolaID) VALUES( 'Rega', 1,  TO_DATE('10-07-2020','DD-MM-YYYY'),  6.0,  'm3', 26, 7);
INSERT INTO operacaoagricola(tipooperacao, cadernocampoid, datarealizacao, quantidade, unidadedesignacao, culturaid, ParcelaAgricolaID) VALUES( 'Rega', 1,  TO_DATE('12-07-2020','DD-MM-YYYY'),  15.0,  'm3', 5, 3);
INSERT INTO operacaoagricola(tipooperacao, cadernocampoid, datarealizacao, quantidade, unidadedesignacao, culturaid, ParcelaAgricolaID) VALUES( 'Rega', 1,  TO_DATE('15-07-2020','DD-MM-YYYY'),  2.5,  'm3', 14, 6);
INSERT INTO operacaoagricola(tipooperacao, cadernocampoid, datarealizacao, quantidade, unidadedesignacao, culturaid, ParcelaAgricolaID) VALUES( 'Rega', 1,  TO_DATE('28-07-2020','DD-MM-YYYY'),  15.0,  'm3', 5, 3);
INSERT INTO operacaoagricola(tipooperacao, cadernocampoid, datarealizacao, quantidade, unidadedesignacao, culturaid, ParcelaAgricolaID) VALUES( 'Rega', 1,  TO_DATE('10-08-2020','DD-MM-YYYY'),  1.0,  'm3', 11, 2);
INSERT INTO operacaoagricola(tipooperacao, cadernocampoid, datarealizacao, quantidade, unidadedesignacao, culturaid, ParcelaAgricolaID) VALUES( 'Rega', 1,  TO_DATE('10-08-2020','DD-MM-YYYY'),  1.0,  'm3', 12, 2);
INSERT INTO operacaoagricola(tipooperacao, cadernocampoid, datarealizacao, quantidade, unidadedesignacao, culturaid, ParcelaAgricolaID) VALUES( 'Rega', 1,  TO_DATE('10-08-2020','DD-MM-YYYY'),  1.5,  'm3', 11, 2);
INSERT INTO operacaoagricola(tipooperacao, cadernocampoid, datarealizacao, quantidade, unidadedesignacao, culturaid, ParcelaAgricolaID) VALUES( 'Rega', 1,  TO_DATE('10-08-2020','DD-MM-YYYY'),  1.5,  'm3', 12, 2);
INSERT INTO operacaoagricola(tipooperacao, cadernocampoid, datarealizacao, quantidade, unidadedesignacao, culturaid, ParcelaAgricolaID) VALUES( 'Rega', 1,  TO_DATE('10-08-2020','DD-MM-YYYY'),  15.0,  'm3', 5, 3);
INSERT INTO operacaoagricola(tipooperacao, cadernocampoid, datarealizacao, quantidade, unidadedesignacao, culturaid, ParcelaAgricolaID) VALUES( 'Rega', 1,  TO_DATE('11-08-2020','DD-MM-YYYY'),  7.0,  'm3', 26, 7);
INSERT INTO operacaoagricola(tipooperacao, cadernocampoid, datarealizacao, quantidade, unidadedesignacao, culturaid, ParcelaAgricolaID) VALUES( 'Rega', 1,  TO_DATE('12-08-2020','DD-MM-YYYY'),  3.5,  'm3', 14, 6);
INSERT INTO operacaoagricola(tipooperacao, cadernocampoid, datarealizacao, quantidade, unidadedesignacao, culturaid, ParcelaAgricolaID) VALUES( 'Colheita', 1,  TO_DATE('20-08-2020','DD-MM-YYYY'), null, null, 5, 3);
INSERT INTO recolhaproduto VALUES (144, 82,  3300.0,  'kg');
INSERT INTO operacaoagricola(tipooperacao, cadernocampoid, datarealizacao, quantidade, unidadedesignacao, culturaid, ParcelaAgricolaID) VALUES( 'Colheita', 1,  TO_DATE('28-08-2020','DD-MM-YYYY'), null, null, 14, 6);
INSERT INTO recolhaproduto VALUES (145, 78,  600.0,  'kg');
INSERT INTO operacaoagricola(tipooperacao, cadernocampoid, datarealizacao, quantidade, unidadedesignacao, culturaid, ParcelaAgricolaID) VALUES( 'Colheita', 1,  TO_DATE('07-09-2020','DD-MM-YYYY'), null, null, 14, 6);
INSERT INTO recolhaproduto VALUES (146, 78,  1800.0,  'kg');
INSERT INTO operacaoagricola(tipooperacao, cadernocampoid, datarealizacao, quantidade, unidadedesignacao, culturaid, ParcelaAgricolaID) VALUES( 'Poda', 1,  TO_DATE('10-11-2020','DD-MM-YYYY'),  30.0,  'un', 11, 2);
INSERT INTO operacaoagricola(tipooperacao, cadernocampoid, datarealizacao, quantidade, unidadedesignacao, culturaid, ParcelaAgricolaID) VALUES( 'Poda', 1,  TO_DATE('10-11-2020','DD-MM-YYYY'),  30.0,  'un', 12, 2);
INSERT INTO operacaoagricola(tipooperacao, cadernocampoid, datarealizacao, quantidade, unidadedesignacao, culturaid, ParcelaAgricolaID) VALUES( 'Poda', 1,  TO_DATE('10-11-2020','DD-MM-YYYY'),  20.0,  'un', 11, 2);
INSERT INTO operacaoagricola(tipooperacao, cadernocampoid, datarealizacao, quantidade, unidadedesignacao, culturaid, ParcelaAgricolaID) VALUES( 'Poda', 1,  TO_DATE('10-11-2020','DD-MM-YYYY'),  20.0,  'un', 12, 2);
INSERT INTO operacaoagricola(tipooperacao, cadernocampoid, datarealizacao, quantidade, unidadedesignacao, culturaid, ParcelaAgricolaID) VALUES( 'Colheita', 1,  TO_DATE('15-11-2020','DD-MM-YYYY'), null, null, 15, 6);
INSERT INTO recolhaproduto VALUES (151, 93,  600.0,  'kg');
INSERT INTO operacaoagricola(tipooperacao, cadernocampoid, datarealizacao, quantidade, unidadedesignacao, culturaid, ParcelaAgricolaID) VALUES( 'Poda', 1,  TO_DATE('05-12-2020','DD-MM-YYYY'),  70.0,  'un', 22, 4);
INSERT INTO operacaoagricola(tipooperacao, cadernocampoid, datarealizacao, quantidade, unidadedesignacao, culturaid, ParcelaAgricolaID) VALUES( 'Poda', 1,  TO_DATE('05-12-2020','DD-MM-YYYY'),  70.0,  'un', 23, 4);
INSERT INTO operacaoagricola(tipooperacao, cadernocampoid, datarealizacao, quantidade, unidadedesignacao, culturaid, ParcelaAgricolaID) VALUES( 'Poda', 1,  TO_DATE('05-12-2020','DD-MM-YYYY'),  70.0,  'un', 24, 4);
INSERT INTO operacaoagricola(tipooperacao, cadernocampoid, datarealizacao, quantidade, unidadedesignacao, culturaid, ParcelaAgricolaID) VALUES( 'Poda', 1,  TO_DATE('05-12-2020','DD-MM-YYYY'),  50.0,  'un', 22, 4);
INSERT INTO operacaoagricola(tipooperacao, cadernocampoid, datarealizacao, quantidade, unidadedesignacao, culturaid, ParcelaAgricolaID) VALUES( 'Poda', 1,  TO_DATE('05-12-2020','DD-MM-YYYY'),  50.0,  'un', 23, 4);
INSERT INTO operacaoagricola(tipooperacao, cadernocampoid, datarealizacao, quantidade, unidadedesignacao, culturaid, ParcelaAgricolaID) VALUES( 'Poda', 1,  TO_DATE('05-12-2020','DD-MM-YYYY'),  50.0,  'un', 24, 4);
INSERT INTO operacaoagricola(tipooperacao, cadernocampoid, datarealizacao, quantidade, unidadedesignacao, culturaid, ParcelaAgricolaID) VALUES( 'Fertilização', 1,  TO_DATE('10-12-2020','DD-MM-YYYY'), null, null, 11, 2);
INSERT INTO aplicacaofator VALUES (158, 3,  'Solo',  10.0,  'kg');
INSERT INTO operacaoagricola(tipooperacao, cadernocampoid, datarealizacao, quantidade, unidadedesignacao, culturaid, ParcelaAgricolaID) VALUES( 'Fertilização', 1,  TO_DATE('10-12-2020','DD-MM-YYYY'), null, null, 12, 2);
INSERT INTO aplicacaofator VALUES (159, 3,  'Solo',  10.0,  'kg');
INSERT INTO operacaoagricola(tipooperacao, cadernocampoid, datarealizacao, quantidade, unidadedesignacao, culturaid, ParcelaAgricolaID) VALUES( 'Fertilização', 1,  TO_DATE('10-12-2020','DD-MM-YYYY'), null, null, 11, 2);
INSERT INTO aplicacaofator VALUES (160, 3,  'Solo',  7.0,  'kg');
INSERT INTO operacaoagricola(tipooperacao, cadernocampoid, datarealizacao, quantidade, unidadedesignacao, culturaid, ParcelaAgricolaID) VALUES( 'Fertilização', 1,  TO_DATE('10-12-2020','DD-MM-YYYY'), null, null, 12, 2);
INSERT INTO aplicacaofator VALUES (161, 3,  'Solo',  7.0,  'kg');
INSERT INTO operacaoagricola(tipooperacao, cadernocampoid, datarealizacao, quantidade, unidadedesignacao, culturaid, ParcelaAgricolaID) VALUES( 'Poda', 1,  TO_DATE('15-12-2020','DD-MM-YYYY'),  40.0,  'un', 22, 4);
INSERT INTO operacaoagricola(tipooperacao, cadernocampoid, datarealizacao, quantidade, unidadedesignacao, culturaid, ParcelaAgricolaID) VALUES( 'Poda', 1,  TO_DATE('15-12-2020','DD-MM-YYYY'),  40.0,  'un', 23, 4);
INSERT INTO operacaoagricola(tipooperacao, cadernocampoid, datarealizacao, quantidade, unidadedesignacao, culturaid, ParcelaAgricolaID) VALUES( 'Poda', 1,  TO_DATE('15-12-2020','DD-MM-YYYY'),  40.0,  'un', 24, 4);
INSERT INTO operacaoagricola(tipooperacao, cadernocampoid, datarealizacao, quantidade, unidadedesignacao, culturaid, ParcelaAgricolaID) VALUES( 'Poda', 1,  TO_DATE('15-12-2020','DD-MM-YYYY'),  60.0,  'un', 22, 4);
INSERT INTO operacaoagricola(tipooperacao, cadernocampoid, datarealizacao, quantidade, unidadedesignacao, culturaid, ParcelaAgricolaID) VALUES( 'Poda', 1,  TO_DATE('15-12-2020','DD-MM-YYYY'),  60.0,  'un', 23, 4);
INSERT INTO operacaoagricola(tipooperacao, cadernocampoid, datarealizacao, quantidade, unidadedesignacao, culturaid, ParcelaAgricolaID) VALUES( 'Poda', 1,  TO_DATE('15-12-2020','DD-MM-YYYY'),  60.0,  'un', 24, 4);
INSERT INTO operacaoagricola(tipooperacao, cadernocampoid, datarealizacao, quantidade, unidadedesignacao, culturaid, ParcelaAgricolaID) VALUES( 'Poda', 1,  TO_DATE('16-12-2020','DD-MM-YYYY'),  500.0,  'un', 26, 7);
INSERT INTO operacaoagricola(tipooperacao, cadernocampoid, datarealizacao, quantidade, unidadedesignacao, culturaid, ParcelaAgricolaID) VALUES( 'Colheita', 1,  TO_DATE('18-12-2020','DD-MM-YYYY'), null, null, 15, 6);
INSERT INTO recolhaproduto VALUES (169, 93,  2500.0,  'kg');
INSERT INTO operacaoagricola(tipooperacao, cadernocampoid, datarealizacao, quantidade, unidadedesignacao, culturaid, ParcelaAgricolaID) VALUES( 'Poda', 1,  TO_DATE('18-12-2020','DD-MM-YYYY'),  700.0,  'un', 26, 7);
INSERT INTO operacaoagricola(tipooperacao, cadernocampoid, datarealizacao, quantidade, unidadedesignacao, culturaid, ParcelaAgricolaID) VALUES( 'Colheita', 1,  TO_DATE('04-01-2021','DD-MM-YYYY'), null, null, 15, 6);
INSERT INTO recolhaproduto VALUES (171, 93,  2900.0,  'kg');
INSERT INTO operacaoagricola(tipooperacao, cadernocampoid, datarealizacao, quantidade, unidadedesignacao, culturaid, ParcelaAgricolaID) VALUES( 'Aplicação fitofármaco', 1,  TO_DATE('20-01-2021','DD-MM-YYYY'), null, null, 26, 7);
INSERT INTO aplicacaofator VALUES (172, 1,  null,  2.0,  'kg');
INSERT INTO operacaoagricola(tipooperacao, cadernocampoid, datarealizacao, quantidade, unidadedesignacao, culturaid, ParcelaAgricolaID) VALUES( 'Aplicação fitofármaco', 1,  TO_DATE('20-01-2021','DD-MM-YYYY'), null, null, 26, 7);
INSERT INTO aplicacaofator VALUES (173, 1,  null,  2.5,  'kg');
INSERT INTO operacaoagricola(tipooperacao, cadernocampoid, datarealizacao, quantidade, unidadedesignacao, culturaid, ParcelaAgricolaID) VALUES( 'Incorporação no solo', 1,  TO_DATE('14-03-2021','DD-MM-YYYY'),  1.3,  'ha', 6, 3);
INSERT INTO operacaoagricola(tipooperacao, cadernocampoid, datarealizacao, quantidade, unidadedesignacao, culturaid, ParcelaAgricolaID) VALUES( 'Incorporação no solo', 1,  TO_DATE('30-03-2021','DD-MM-YYYY'),  1.3,  'ha', 1, 1);
INSERT INTO operacaoagricola(tipooperacao, cadernocampoid, datarealizacao, quantidade, unidadedesignacao, culturaid, ParcelaAgricolaID) VALUES( 'Sementeira', 1,  TO_DATE('15-04-2021','DD-MM-YYYY'),  30.0,  'kg', 2, 1);
INSERT INTO operacaoagricola(tipooperacao, cadernocampoid, datarealizacao, quantidade, unidadedesignacao, culturaid, ParcelaAgricolaID) VALUES( 'Fertilização', 1,  TO_DATE('02-05-2021','DD-MM-YYYY'), null, null, 22, 4);
INSERT INTO aplicacaofator VALUES (177, 5,  'Foliar',  10.0,  'kg');
INSERT INTO operacaoagricola(tipooperacao, cadernocampoid, datarealizacao, quantidade, unidadedesignacao, culturaid, ParcelaAgricolaID) VALUES( 'Fertilização', 1,  TO_DATE('02-05-2021','DD-MM-YYYY'), null, null, 23, 4);
INSERT INTO aplicacaofator VALUES (178, 5,  'Foliar',  10.0,  'kg');
INSERT INTO operacaoagricola(tipooperacao, cadernocampoid, datarealizacao, quantidade, unidadedesignacao, culturaid, ParcelaAgricolaID) VALUES( 'Fertilização', 1,  TO_DATE('02-05-2021','DD-MM-YYYY'), null, null, 24, 4);
INSERT INTO aplicacaofator VALUES (179, 5,  'Foliar',  10.0,  'kg');
INSERT INTO operacaoagricola(tipooperacao, cadernocampoid, datarealizacao, quantidade, unidadedesignacao, culturaid, ParcelaAgricolaID) VALUES( 'Fertilização', 1,  TO_DATE('02-05-2021','DD-MM-YYYY'), null, null, 24, 4);
INSERT INTO aplicacaofator VALUES (180, 5,  'Foliar',  10.0,  'kg');
INSERT INTO operacaoagricola(tipooperacao, cadernocampoid, datarealizacao, quantidade, unidadedesignacao, culturaid, ParcelaAgricolaID) VALUES( 'Colheita', 1,  TO_DATE('05-05-2021','DD-MM-YYYY'), null, null, 16, 6);
INSERT INTO recolhaproduto VALUES (181, 77,  2200.0,  'kg');
INSERT INTO operacaoagricola(tipooperacao, cadernocampoid, datarealizacao, quantidade, unidadedesignacao, culturaid, ParcelaAgricolaID) VALUES( 'Colheita', 1,  TO_DATE('15-05-2021','DD-MM-YYYY'), null, null, 16, 6);
INSERT INTO recolhaproduto VALUES (182, 77,  1400.0,  'kg');
INSERT INTO operacaoagricola(tipooperacao, cadernocampoid, datarealizacao, quantidade, unidadedesignacao, culturaid, ParcelaAgricolaID) VALUES( 'Rega', 1,  TO_DATE('20-06-2021','DD-MM-YYYY'),  3.0,  'm3', 17, 6);
INSERT INTO operacaoagricola(tipooperacao, cadernocampoid, datarealizacao, quantidade, unidadedesignacao, culturaid, ParcelaAgricolaID) VALUES( 'Rega', 1,  TO_DATE('03-07-2021','DD-MM-YYYY'),  0.8,  'm3', 11, 2);
INSERT INTO operacaoagricola(tipooperacao, cadernocampoid, datarealizacao, quantidade, unidadedesignacao, culturaid, ParcelaAgricolaID) VALUES( 'Rega', 1,  TO_DATE('03-07-2021','DD-MM-YYYY'),  0.8,  'm3', 12, 2);
INSERT INTO operacaoagricola(tipooperacao, cadernocampoid, datarealizacao, quantidade, unidadedesignacao, culturaid, ParcelaAgricolaID) VALUES( 'Rega', 1,  TO_DATE('03-07-2021','DD-MM-YYYY'),  1.5,  'm3', 11, 2);
INSERT INTO operacaoagricola(tipooperacao, cadernocampoid, datarealizacao, quantidade, unidadedesignacao, culturaid, ParcelaAgricolaID) VALUES( 'Rega', 1,  TO_DATE('03-07-2021','DD-MM-YYYY'),  1.5,  'm3', 12, 2);
INSERT INTO operacaoagricola(tipooperacao, cadernocampoid, datarealizacao, quantidade, unidadedesignacao, culturaid, ParcelaAgricolaID) VALUES( 'Rega', 1,  TO_DATE('05-07-2021','DD-MM-YYYY'),  5.0,  'm3', 22, 4);
INSERT INTO operacaoagricola(tipooperacao, cadernocampoid, datarealizacao, quantidade, unidadedesignacao, culturaid, ParcelaAgricolaID) VALUES( 'Rega', 1,  TO_DATE('05-07-2021','DD-MM-YYYY'),  5.0,  'm3', 23, 4);
INSERT INTO operacaoagricola(tipooperacao, cadernocampoid, datarealizacao, quantidade, unidadedesignacao, culturaid, ParcelaAgricolaID) VALUES( 'Rega', 1,  TO_DATE('05-07-2021','DD-MM-YYYY'),  5.0,  'm3', 24, 4);
INSERT INTO operacaoagricola(tipooperacao, cadernocampoid, datarealizacao, quantidade, unidadedesignacao, culturaid, ParcelaAgricolaID) VALUES( 'Rega', 1,  TO_DATE('07-07-2021','DD-MM-YYYY'),  3.0,  'm3', 17, 6);
INSERT INTO operacaoagricola(tipooperacao, cadernocampoid, datarealizacao, quantidade, unidadedesignacao, culturaid, ParcelaAgricolaID) VALUES( 'Rega', 1,  TO_DATE('10-07-2021','DD-MM-YYYY'),  7.0,  'm3', 26, 7);
INSERT INTO operacaoagricola(tipooperacao, cadernocampoid, datarealizacao, quantidade, unidadedesignacao, culturaid, ParcelaAgricolaID) VALUES( 'Rega', 1,  TO_DATE('12-07-2021','DD-MM-YYYY'),  15.0,  'm3', 5, 3);
INSERT INTO operacaoagricola(tipooperacao, cadernocampoid, datarealizacao, quantidade, unidadedesignacao, culturaid, ParcelaAgricolaID) VALUES( 'Colheita', 1,  TO_DATE('15-07-2021','DD-MM-YYYY'), null, null, 26, 7);
INSERT INTO recolhaproduto VALUES (194, 94,  300.0,  'kg');
INSERT INTO operacaoagricola(tipooperacao, cadernocampoid, datarealizacao, quantidade, unidadedesignacao, culturaid, ParcelaAgricolaID) VALUES( 'Colheita', 1,  TO_DATE('20-07-2021','DD-MM-YYYY'), null, null, 26, 7);
INSERT INTO recolhaproduto VALUES (195, 94,  400.0,  'kg');
INSERT INTO operacaoagricola(tipooperacao, cadernocampoid, datarealizacao, quantidade, unidadedesignacao, culturaid, ParcelaAgricolaID) VALUES( 'Rega', 1,  TO_DATE('24-07-2021','DD-MM-YYYY'),  15.0,  'm3', 5, 3);
INSERT INTO operacaoagricola(tipooperacao, cadernocampoid, datarealizacao, quantidade, unidadedesignacao, culturaid, ParcelaAgricolaID) VALUES( 'Rega', 1,  TO_DATE('30-07-2021','DD-MM-YYYY'),  5.5,  'm3', 22, 4);
INSERT INTO operacaoagricola(tipooperacao, cadernocampoid, datarealizacao, quantidade, unidadedesignacao, culturaid, ParcelaAgricolaID) VALUES( 'Rega', 1,  TO_DATE('30-07-2021','DD-MM-YYYY'),  5.5,  'm3', 23, 4);
INSERT INTO operacaoagricola(tipooperacao, cadernocampoid, datarealizacao, quantidade, unidadedesignacao, culturaid, ParcelaAgricolaID) VALUES( 'Rega', 1,  TO_DATE('30-07-2021','DD-MM-YYYY'),  5.5,  'm3', 24, 4);
INSERT INTO operacaoagricola(tipooperacao, cadernocampoid, datarealizacao, quantidade, unidadedesignacao, culturaid, ParcelaAgricolaID) VALUES( 'Rega', 1,  TO_DATE('30-07-2021','DD-MM-YYYY'),  3.5,  'm3', 17, 6);
INSERT INTO operacaoagricola(tipooperacao, cadernocampoid, datarealizacao, quantidade, unidadedesignacao, culturaid, ParcelaAgricolaID) VALUES( 'Rega', 1,  TO_DATE('07-08-2021','DD-MM-YYYY'),  15.0,  'm3', 5, 3);
INSERT INTO operacaoagricola(tipooperacao, cadernocampoid, datarealizacao, quantidade, unidadedesignacao, culturaid, ParcelaAgricolaID) VALUES( 'Rega', 1,  TO_DATE('10-08-2021','DD-MM-YYYY'),  0.8,  'm3', 11, 2);
INSERT INTO operacaoagricola(tipooperacao, cadernocampoid, datarealizacao, quantidade, unidadedesignacao, culturaid, ParcelaAgricolaID) VALUES( 'Rega', 1,  TO_DATE('10-08-2021','DD-MM-YYYY'),  0.8,  'm3', 12, 2);
INSERT INTO operacaoagricola(tipooperacao, cadernocampoid, datarealizacao, quantidade, unidadedesignacao, culturaid, ParcelaAgricolaID) VALUES( 'Rega', 1,  TO_DATE('10-08-2021','DD-MM-YYYY'),  1.5,  'm3', 11, 2);
INSERT INTO operacaoagricola(tipooperacao, cadernocampoid, datarealizacao, quantidade, unidadedesignacao, culturaid, ParcelaAgricolaID) VALUES( 'Rega', 1,  TO_DATE('10-08-2021','DD-MM-YYYY'),  1.5,  'm3', 12, 2);
INSERT INTO operacaoagricola(tipooperacao, cadernocampoid, datarealizacao, quantidade, unidadedesignacao, culturaid, ParcelaAgricolaID) VALUES( 'Colheita', 1,  TO_DATE('12-08-2021','DD-MM-YYYY'), null, null, 2, 1);
INSERT INTO recolhaproduto VALUES (206, 83,  3300.0,  'kg');
INSERT INTO operacaoagricola(tipooperacao, cadernocampoid, datarealizacao, quantidade, unidadedesignacao, culturaid, ParcelaAgricolaID) VALUES( 'Rega', 1,  TO_DATE('17-08-2021','DD-MM-YYYY'),  3.0,  'm3', 17, 6);
INSERT INTO operacaoagricola(tipooperacao, cadernocampoid, datarealizacao, quantidade, unidadedesignacao, culturaid, ParcelaAgricolaID) VALUES( 'Colheita', 1,  TO_DATE('24-08-2021','DD-MM-YYYY'), null, null, 22, 4);
INSERT INTO recolhaproduto VALUES (208, 48,  900.0,  'kg');
INSERT INTO operacaoagricola(tipooperacao, cadernocampoid, datarealizacao, quantidade, unidadedesignacao, culturaid, ParcelaAgricolaID) VALUES( 'Colheita', 1,  TO_DATE('24-08-2021','DD-MM-YYYY'), null, null, 23, 4);
INSERT INTO recolhaproduto VALUES (209, 48,  900.0,  'kg');
INSERT INTO operacaoagricola(tipooperacao, cadernocampoid, datarealizacao, quantidade, unidadedesignacao, culturaid, ParcelaAgricolaID) VALUES( 'Colheita', 1,  TO_DATE('24-08-2021','DD-MM-YYYY'), null, null, 24, 4);
INSERT INTO recolhaproduto VALUES (210, 48,  900.0,  'kg');
INSERT INTO operacaoagricola(tipooperacao, cadernocampoid, datarealizacao, quantidade, unidadedesignacao, culturaid, ParcelaAgricolaID) VALUES( 'Colheita', 1,  TO_DATE('24-08-2021','DD-MM-YYYY'), null, null, 24, 4);
INSERT INTO recolhaproduto VALUES (211, 48,  900.0,  'kg');
INSERT INTO operacaoagricola(tipooperacao, cadernocampoid, datarealizacao, quantidade, unidadedesignacao, culturaid, ParcelaAgricolaID) VALUES( 'Colheita', 1,  TO_DATE('25-08-2021','DD-MM-YYYY'), null, null, 5, 3);
INSERT INTO recolhaproduto VALUES (212, 82,  3300.0,  'kg');
INSERT INTO operacaoagricola(tipooperacao, cadernocampoid, datarealizacao, quantidade, unidadedesignacao, culturaid, ParcelaAgricolaID) VALUES( 'Colheita', 1,  TO_DATE('28-08-2021','DD-MM-YYYY'), null, null, 17, 6);
INSERT INTO recolhaproduto VALUES (213, 75,  600.0,  'kg');
INSERT INTO operacaoagricola(tipooperacao, cadernocampoid, datarealizacao, quantidade, unidadedesignacao, culturaid, ParcelaAgricolaID) VALUES( 'Colheita', 1,  TO_DATE('05-09-2021','DD-MM-YYYY'), null, null, 22, 4);
INSERT INTO recolhaproduto VALUES (214, 48,  800.0,  'kg');
INSERT INTO operacaoagricola(tipooperacao, cadernocampoid, datarealizacao, quantidade, unidadedesignacao, culturaid, ParcelaAgricolaID) VALUES( 'Colheita', 1,  TO_DATE('05-09-2021','DD-MM-YYYY'), null, null, 23, 4);
INSERT INTO recolhaproduto VALUES (215, 48,  800.0,  'kg');
INSERT INTO operacaoagricola(tipooperacao, cadernocampoid, datarealizacao, quantidade, unidadedesignacao, culturaid, ParcelaAgricolaID) VALUES( 'Colheita', 1,  TO_DATE('05-09-2021','DD-MM-YYYY'), null, null, 24, 4);
INSERT INTO recolhaproduto VALUES (216, 48,  800.0,  'kg');
INSERT INTO operacaoagricola(tipooperacao, cadernocampoid, datarealizacao, quantidade, unidadedesignacao, culturaid, ParcelaAgricolaID) VALUES( 'Colheita', 1,  TO_DATE('05-09-2021','DD-MM-YYYY'), null, null, 24, 4);
INSERT INTO recolhaproduto VALUES (217, 48,  800.0,  'kg');
INSERT INTO operacaoagricola(tipooperacao, cadernocampoid, datarealizacao, quantidade, unidadedesignacao, culturaid, ParcelaAgricolaID) VALUES( 'Colheita', 1,  TO_DATE('07-09-2021','DD-MM-YYYY'), null, null, 17, 6);
INSERT INTO recolhaproduto VALUES (218, 75,  1800.0,  'kg');
INSERT INTO operacaoagricola(tipooperacao, cadernocampoid, datarealizacao, quantidade, unidadedesignacao, culturaid, ParcelaAgricolaID) VALUES( 'Colheita', 1,  TO_DATE('12-09-2021','DD-MM-YYYY'), null, null, 22, 4);
INSERT INTO recolhaproduto VALUES (219, 41,  800.0,  'kg');
INSERT INTO operacaoagricola(tipooperacao, cadernocampoid, datarealizacao, quantidade, unidadedesignacao, culturaid, ParcelaAgricolaID) VALUES( 'Colheita', 1,  TO_DATE('12-09-2021','DD-MM-YYYY'), null, null, 23, 4);
INSERT INTO recolhaproduto VALUES (220, 41,  800.0,  'kg');
INSERT INTO operacaoagricola(tipooperacao, cadernocampoid, datarealizacao, quantidade, unidadedesignacao, culturaid, ParcelaAgricolaID) VALUES( 'Colheita', 1,  TO_DATE('12-09-2021','DD-MM-YYYY'), null, null, 24, 4);
INSERT INTO recolhaproduto VALUES (221, 41,  800.0,  'kg');
INSERT INTO operacaoagricola(tipooperacao, cadernocampoid, datarealizacao, quantidade, unidadedesignacao, culturaid, ParcelaAgricolaID) VALUES( 'Colheita', 1,  TO_DATE('12-09-2021','DD-MM-YYYY'), null, null, 24, 4);
INSERT INTO recolhaproduto VALUES (222, 41,  800.0,  'kg');
INSERT INTO operacaoagricola(tipooperacao, cadernocampoid, datarealizacao, quantidade, unidadedesignacao, culturaid, ParcelaAgricolaID) VALUES( 'Colheita', 1,  TO_DATE('23-09-2021','DD-MM-YYYY'), null, null, 22, 4);
INSERT INTO recolhaproduto VALUES (223, 41,  1200.0,  'kg');
INSERT INTO operacaoagricola(tipooperacao, cadernocampoid, datarealizacao, quantidade, unidadedesignacao, culturaid, ParcelaAgricolaID) VALUES( 'Colheita', 1,  TO_DATE('23-09-2021','DD-MM-YYYY'), null, null, 23, 4);
INSERT INTO recolhaproduto VALUES (224, 41,  1200.0,  'kg');
INSERT INTO operacaoagricola(tipooperacao, cadernocampoid, datarealizacao, quantidade, unidadedesignacao, culturaid, ParcelaAgricolaID) VALUES( 'Colheita', 1,  TO_DATE('23-09-2021','DD-MM-YYYY'), null, null, 24, 4);
INSERT INTO recolhaproduto VALUES (225, 41,  1200.0,  'kg');
INSERT INTO operacaoagricola(tipooperacao, cadernocampoid, datarealizacao, quantidade, unidadedesignacao, culturaid, ParcelaAgricolaID) VALUES( 'Colheita', 1,  TO_DATE('23-09-2021','DD-MM-YYYY'), null, null, 24, 4);
INSERT INTO recolhaproduto VALUES (226, 41,  1200.0,  'kg');
INSERT INTO operacaoagricola(tipooperacao, cadernocampoid, datarealizacao, quantidade, unidadedesignacao, culturaid, ParcelaAgricolaID) VALUES( 'Colheita', 1,  TO_DATE('12-10-2021','DD-MM-YYYY'), null, null, 22, 4);
INSERT INTO recolhaproduto VALUES (227, 37,  950.0,  'kg');
INSERT INTO operacaoagricola(tipooperacao, cadernocampoid, datarealizacao, quantidade, unidadedesignacao, culturaid, ParcelaAgricolaID) VALUES( 'Colheita', 1,  TO_DATE('12-10-2021','DD-MM-YYYY'), null, null, 23, 4);
INSERT INTO recolhaproduto VALUES (228, 37,  950.0,  'kg');
INSERT INTO operacaoagricola(tipooperacao, cadernocampoid, datarealizacao, quantidade, unidadedesignacao, culturaid, ParcelaAgricolaID) VALUES( 'Colheita', 1,  TO_DATE('12-10-2021','DD-MM-YYYY'), null, null, 24, 4);
INSERT INTO recolhaproduto VALUES (229, 37,  950.0,  'kg');
INSERT INTO operacaoagricola(tipooperacao, cadernocampoid, datarealizacao, quantidade, unidadedesignacao, culturaid, ParcelaAgricolaID) VALUES( 'Colheita', 1,  TO_DATE('12-10-2021','DD-MM-YYYY'), null, null, 24, 4);
INSERT INTO recolhaproduto VALUES (230, 37,  950.0,  'kg');
INSERT INTO operacaoagricola(tipooperacao, cadernocampoid, datarealizacao, quantidade, unidadedesignacao, culturaid, ParcelaAgricolaID) VALUES( 'Colheita', 1,  TO_DATE('03-11-2021','DD-MM-YYYY'), null, null, 22, 4);
INSERT INTO recolhaproduto VALUES (231, 37,  750.0,  'kg');
INSERT INTO operacaoagricola(tipooperacao, cadernocampoid, datarealizacao, quantidade, unidadedesignacao, culturaid, ParcelaAgricolaID) VALUES( 'Colheita', 1,  TO_DATE('03-11-2021','DD-MM-YYYY'), null, null, 23, 4);
INSERT INTO recolhaproduto VALUES (232, 37,  750.0,  'kg');
INSERT INTO operacaoagricola(tipooperacao, cadernocampoid, datarealizacao, quantidade, unidadedesignacao, culturaid, ParcelaAgricolaID) VALUES( 'Colheita', 1,  TO_DATE('03-11-2021','DD-MM-YYYY'), null, null, 24, 4);
INSERT INTO recolhaproduto VALUES (233, 37,  750.0,  'kg');
INSERT INTO operacaoagricola(tipooperacao, cadernocampoid, datarealizacao, quantidade, unidadedesignacao, culturaid, ParcelaAgricolaID) VALUES( 'Colheita', 1,  TO_DATE('03-11-2021','DD-MM-YYYY'), null, null, 24, 4);
INSERT INTO recolhaproduto VALUES (234, 37,  750.0,  'kg');
INSERT INTO operacaoagricola(tipooperacao, cadernocampoid, datarealizacao, quantidade, unidadedesignacao, culturaid, ParcelaAgricolaID) VALUES( 'Colheita', 1,  TO_DATE('10-11-2021','DD-MM-YYYY'), null, null, 11, 2);
INSERT INTO recolhaproduto VALUES (235, 92,  210.0,  'kg');
INSERT INTO operacaoagricola(tipooperacao, cadernocampoid, datarealizacao, quantidade, unidadedesignacao, culturaid, ParcelaAgricolaID) VALUES( 'Colheita', 1,  TO_DATE('10-11-2021','DD-MM-YYYY'), null, null, 12, 2);
INSERT INTO recolhaproduto VALUES (236, 92,  210.0,  'kg');
INSERT INTO operacaoagricola(tipooperacao, cadernocampoid, datarealizacao, quantidade, unidadedesignacao, culturaid, ParcelaAgricolaID) VALUES( 'Colheita', 1,  TO_DATE('10-11-2021','DD-MM-YYYY'), null, null, 11, 2);
INSERT INTO recolhaproduto VALUES (237, 89,  120.0,  'kg');
INSERT INTO operacaoagricola(tipooperacao, cadernocampoid, datarealizacao, quantidade, unidadedesignacao, culturaid, ParcelaAgricolaID) VALUES( 'Colheita', 1,  TO_DATE('10-11-2021','DD-MM-YYYY'), null, null, 12, 2);
INSERT INTO recolhaproduto VALUES (238, 89,  120.0,  'kg');
INSERT INTO operacaoagricola(tipooperacao, cadernocampoid, datarealizacao, quantidade, unidadedesignacao, culturaid, ParcelaAgricolaID) VALUES( 'Colheita', 1,  TO_DATE('15-11-2021','DD-MM-YYYY'), null, null, 15, 6);
INSERT INTO recolhaproduto VALUES (239, 93,  600.0,  'kg');
INSERT INTO operacaoagricola(tipooperacao, cadernocampoid, datarealizacao, quantidade, unidadedesignacao, culturaid, ParcelaAgricolaID) VALUES( 'Poda', 1,  TO_DATE('17-11-2021','DD-MM-YYYY'),  30.0,  'un', 11, 2);
INSERT INTO operacaoagricola(tipooperacao, cadernocampoid, datarealizacao, quantidade, unidadedesignacao, culturaid, ParcelaAgricolaID) VALUES( 'Poda', 1,  TO_DATE('17-11-2021','DD-MM-YYYY'),  30.0,  'un', 12, 2);
INSERT INTO operacaoagricola(tipooperacao, cadernocampoid, datarealizacao, quantidade, unidadedesignacao, culturaid, ParcelaAgricolaID) VALUES( 'Poda', 1,  TO_DATE('17-11-2021','DD-MM-YYYY'),  20.0,  'un', 11, 2);
INSERT INTO operacaoagricola(tipooperacao, cadernocampoid, datarealizacao, quantidade, unidadedesignacao, culturaid, ParcelaAgricolaID) VALUES( 'Poda', 1,  TO_DATE('17-11-2021','DD-MM-YYYY'),  20.0,  'un', 12, 2);
INSERT INTO operacaoagricola(tipooperacao, cadernocampoid, datarealizacao, quantidade, unidadedesignacao, culturaid, ParcelaAgricolaID) VALUES( 'Poda', 1,  TO_DATE('28-11-2021','DD-MM-YYYY'),  70.0,  'un', 22, 4);
INSERT INTO operacaoagricola(tipooperacao, cadernocampoid, datarealizacao, quantidade, unidadedesignacao, culturaid, ParcelaAgricolaID) VALUES( 'Poda', 1,  TO_DATE('28-11-2021','DD-MM-YYYY'),  70.0,  'un', 23, 4);
INSERT INTO operacaoagricola(tipooperacao, cadernocampoid, datarealizacao, quantidade, unidadedesignacao, culturaid, ParcelaAgricolaID) VALUES( 'Poda', 1,  TO_DATE('28-11-2021','DD-MM-YYYY'),  70.0,  'un', 24, 4);
INSERT INTO operacaoagricola(tipooperacao, cadernocampoid, datarealizacao, quantidade, unidadedesignacao, culturaid, ParcelaAgricolaID) VALUES( 'Poda', 1,  TO_DATE('03-12-2021','DD-MM-YYYY'),  90.0,  'un', 22, 4);
INSERT INTO operacaoagricola(tipooperacao, cadernocampoid, datarealizacao, quantidade, unidadedesignacao, culturaid, ParcelaAgricolaID) VALUES( 'Poda', 1,  TO_DATE('03-12-2021','DD-MM-YYYY'),  90.0,  'un', 23, 4);
INSERT INTO operacaoagricola(tipooperacao, cadernocampoid, datarealizacao, quantidade, unidadedesignacao, culturaid, ParcelaAgricolaID) VALUES( 'Poda', 1,  TO_DATE('03-12-2021','DD-MM-YYYY'),  90.0,  'un', 24, 4);
INSERT INTO operacaoagricola(tipooperacao, cadernocampoid, datarealizacao, quantidade, unidadedesignacao, culturaid, ParcelaAgricolaID) VALUES( 'Poda', 1,  TO_DATE('16-12-2021','DD-MM-YYYY'),  500.0,  'un', 26, 7);
INSERT INTO operacaoagricola(tipooperacao, cadernocampoid, datarealizacao, quantidade, unidadedesignacao, culturaid, ParcelaAgricolaID) VALUES( 'Poda', 1,  TO_DATE('18-12-2021','DD-MM-YYYY'),  60.0,  'un', 22, 4);
INSERT INTO operacaoagricola(tipooperacao, cadernocampoid, datarealizacao, quantidade, unidadedesignacao, culturaid, ParcelaAgricolaID) VALUES( 'Poda', 1,  TO_DATE('18-12-2021','DD-MM-YYYY'),  60.0,  'un', 23, 4);
INSERT INTO operacaoagricola(tipooperacao, cadernocampoid, datarealizacao, quantidade, unidadedesignacao, culturaid, ParcelaAgricolaID) VALUES( 'Poda', 1,  TO_DATE('18-12-2021','DD-MM-YYYY'),  60.0,  'un', 24, 4);
INSERT INTO operacaoagricola(tipooperacao, cadernocampoid, datarealizacao, quantidade, unidadedesignacao, culturaid, ParcelaAgricolaID) VALUES( 'Colheita', 1,  TO_DATE('18-12-2021','DD-MM-YYYY'), null, null, 15, 6);
INSERT INTO recolhaproduto VALUES (254, 93,  2500.0,  'kg');
INSERT INTO operacaoagricola(tipooperacao, cadernocampoid, datarealizacao, quantidade, unidadedesignacao, culturaid, ParcelaAgricolaID) VALUES( 'Poda', 1,  TO_DATE('18-12-2021','DD-MM-YYYY'),  700.0,  'un', 26, 7);
INSERT INTO operacaoagricola(tipooperacao, cadernocampoid, datarealizacao, quantidade, unidadedesignacao, culturaid, ParcelaAgricolaID) VALUES( 'Colheita', 1,  TO_DATE('04-01-2022','DD-MM-YYYY'), null, null, 15, 6);
INSERT INTO recolhaproduto VALUES (256, 93,  2900.0,  'kg');
INSERT INTO operacaoagricola(tipooperacao, cadernocampoid, datarealizacao, quantidade, unidadedesignacao, culturaid, ParcelaAgricolaID) VALUES( 'Aplicação fitofármaco', 1,  TO_DATE('20-01-2022','DD-MM-YYYY'), null, null, 26, 7);
INSERT INTO aplicacaofator VALUES (257, 1,  null,  3.0,  'kg');
INSERT INTO operacaoagricola(tipooperacao, cadernocampoid, datarealizacao, quantidade, unidadedesignacao, culturaid, ParcelaAgricolaID) VALUES( 'Aplicação fitofármaco', 1,  TO_DATE('20-01-2022','DD-MM-YYYY'), null, null, 26, 7);
INSERT INTO aplicacaofator VALUES (258, 1,  null,  3.5,  'kg');
INSERT INTO operacaoagricola(tipooperacao, cadernocampoid, datarealizacao, quantidade, unidadedesignacao, culturaid, ParcelaAgricolaID) VALUES( 'Incorporação no solo', 1,  TO_DATE('19-03-2022','DD-MM-YYYY'),  1.3,  'ha', 6, 3);
INSERT INTO operacaoagricola(tipooperacao, cadernocampoid, datarealizacao, quantidade, unidadedesignacao, culturaid, ParcelaAgricolaID) VALUES( 'Incorporação no solo', 1,  TO_DATE('05-04-2022','DD-MM-YYYY'),  1.3,  'ha', 1, 1);
INSERT INTO operacaoagricola(tipooperacao, cadernocampoid, datarealizacao, quantidade, unidadedesignacao, culturaid, ParcelaAgricolaID) VALUES( 'Colheita', 1,  TO_DATE('05-05-2022','DD-MM-YYYY'), null, null, 16, 6);
INSERT INTO recolhaproduto VALUES (261, 77,  2250.0,  'kg');
INSERT INTO operacaoagricola(tipooperacao, cadernocampoid, datarealizacao, quantidade, unidadedesignacao, culturaid, ParcelaAgricolaID) VALUES( 'Fertilização', 1,  TO_DATE('13-05-2022','DD-MM-YYYY'), null, null, 22, 4);
INSERT INTO aplicacaofator VALUES (262, 5,  'Foliar',  10.0,  'kg');
INSERT INTO operacaoagricola(tipooperacao, cadernocampoid, datarealizacao, quantidade, unidadedesignacao, culturaid, ParcelaAgricolaID) VALUES( 'Fertilização', 1,  TO_DATE('13-05-2022','DD-MM-YYYY'), null, null, 23, 4);
INSERT INTO aplicacaofator VALUES (263, 5,  'Foliar',  10.0,  'kg');
INSERT INTO operacaoagricola(tipooperacao, cadernocampoid, datarealizacao, quantidade, unidadedesignacao, culturaid, ParcelaAgricolaID) VALUES( 'Fertilização', 1,  TO_DATE('13-05-2022','DD-MM-YYYY'), null, null, 24, 4);
INSERT INTO aplicacaofator VALUES (264, 5,  'Foliar',  10.0,  'kg');
INSERT INTO operacaoagricola(tipooperacao, cadernocampoid, datarealizacao, quantidade, unidadedesignacao, culturaid, ParcelaAgricolaID) VALUES( 'Fertilização', 1,  TO_DATE('13-05-2022','DD-MM-YYYY'), null, null, 24, 4);
INSERT INTO aplicacaofator VALUES (265, 5,  'Foliar',  10.0,  'kg');
INSERT INTO operacaoagricola(tipooperacao, cadernocampoid, datarealizacao, quantidade, unidadedesignacao, culturaid, ParcelaAgricolaID) VALUES( 'Colheita', 1,  TO_DATE('15-05-2022','DD-MM-YYYY'), null, null, 16, 6);
INSERT INTO recolhaproduto VALUES (266, 77,  1300.0,  'kg');
INSERT INTO operacaoagricola(tipooperacao, cadernocampoid, datarealizacao, quantidade, unidadedesignacao, culturaid, ParcelaAgricolaID) VALUES( 'Rega', 1,  TO_DATE('05-06-2022','DD-MM-YYYY'),  3.0,  'm3', 22, 4);
INSERT INTO operacaoagricola(tipooperacao, cadernocampoid, datarealizacao, quantidade, unidadedesignacao, culturaid, ParcelaAgricolaID) VALUES( 'Rega', 1,  TO_DATE('05-06-2022','DD-MM-YYYY'),  3.0,  'm3', 23, 4);
INSERT INTO operacaoagricola(tipooperacao, cadernocampoid, datarealizacao, quantidade, unidadedesignacao, culturaid, ParcelaAgricolaID) VALUES( 'Rega', 1,  TO_DATE('05-06-2022','DD-MM-YYYY'),  3.0,  'm3', 24, 4);
INSERT INTO operacaoagricola(tipooperacao, cadernocampoid, datarealizacao, quantidade, unidadedesignacao, culturaid, ParcelaAgricolaID) VALUES( 'Rega', 1,  TO_DATE('30-06-2022','DD-MM-YYYY'),  3.0,  'm3', 14, 6);
INSERT INTO operacaoagricola(tipooperacao, cadernocampoid, datarealizacao, quantidade, unidadedesignacao, culturaid, ParcelaAgricolaID) VALUES( 'Rega', 1,  TO_DATE('02-07-2022','DD-MM-YYYY'),  5.5,  'm3', 22, 4);
INSERT INTO operacaoagricola(tipooperacao, cadernocampoid, datarealizacao, quantidade, unidadedesignacao, culturaid, ParcelaAgricolaID) VALUES( 'Rega', 1,  TO_DATE('02-07-2022','DD-MM-YYYY'),  5.5,  'm3', 23, 4);
INSERT INTO operacaoagricola(tipooperacao, cadernocampoid, datarealizacao, quantidade, unidadedesignacao, culturaid, ParcelaAgricolaID) VALUES( 'Rega', 1,  TO_DATE('02-07-2022','DD-MM-YYYY'),  5.5,  'm3', 24, 4);
INSERT INTO operacaoagricola(tipooperacao, cadernocampoid, datarealizacao, quantidade, unidadedesignacao, culturaid, ParcelaAgricolaID) VALUES( 'Rega', 1,  TO_DATE('03-07-2022','DD-MM-YYYY'),  0.8,  'm3', 11, 2);
INSERT INTO operacaoagricola(tipooperacao, cadernocampoid, datarealizacao, quantidade, unidadedesignacao, culturaid, ParcelaAgricolaID) VALUES( 'Rega', 1,  TO_DATE('03-07-2022','DD-MM-YYYY'),  0.8,  'm3', 12, 2);
INSERT INTO operacaoagricola(tipooperacao, cadernocampoid, datarealizacao, quantidade, unidadedesignacao, culturaid, ParcelaAgricolaID) VALUES( 'Rega', 1,  TO_DATE('03-07-2022','DD-MM-YYYY'),  1.5,  'm3', 11, 2);
INSERT INTO operacaoagricola(tipooperacao, cadernocampoid, datarealizacao, quantidade, unidadedesignacao, culturaid, ParcelaAgricolaID) VALUES( 'Rega', 1,  TO_DATE('03-07-2022','DD-MM-YYYY'),  1.5,  'm3', 12, 2);
INSERT INTO operacaoagricola(tipooperacao, cadernocampoid, datarealizacao, quantidade, unidadedesignacao, culturaid, ParcelaAgricolaID) VALUES( 'Rega', 1,  TO_DATE('10-07-2022','DD-MM-YYYY'),  5.0,  'm3', 26, 7);
INSERT INTO operacaoagricola(tipooperacao, cadernocampoid, datarealizacao, quantidade, unidadedesignacao, culturaid, ParcelaAgricolaID) VALUES( 'Rega', 1,  TO_DATE('12-07-2022','DD-MM-YYYY'),  15.0,  'm3', 5, 3);
INSERT INTO operacaoagricola(tipooperacao, cadernocampoid, datarealizacao, quantidade, unidadedesignacao, culturaid, ParcelaAgricolaID) VALUES( 'Rega', 1,  TO_DATE('15-07-2022','DD-MM-YYYY'),  3.0,  'm3', 14, 6);
INSERT INTO operacaoagricola(tipooperacao, cadernocampoid, datarealizacao, quantidade, unidadedesignacao, culturaid, ParcelaAgricolaID) VALUES( 'Colheita', 1,  TO_DATE('15-07-2022','DD-MM-YYYY'), null, null, 26, 7);
INSERT INTO recolhaproduto VALUES (281, 94,  600.0,  'kg');
INSERT INTO operacaoagricola(tipooperacao, cadernocampoid, datarealizacao, quantidade, unidadedesignacao, culturaid, ParcelaAgricolaID) VALUES( 'Colheita', 1,  TO_DATE('20-07-2022','DD-MM-YYYY'), null, null, 26, 7);
INSERT INTO recolhaproduto VALUES (282, 94,  500.0,  'kg');
INSERT INTO operacaoagricola(tipooperacao, cadernocampoid, datarealizacao, quantidade, unidadedesignacao, culturaid, ParcelaAgricolaID) VALUES( 'Rega', 1,  TO_DATE('24-07-2022','DD-MM-YYYY'),  15.0,  'm3', 5, 3);
INSERT INTO operacaoagricola(tipooperacao, cadernocampoid, datarealizacao, quantidade, unidadedesignacao, culturaid, ParcelaAgricolaID) VALUES( 'Rega', 1,  TO_DATE('30-07-2022','DD-MM-YYYY'),  5.0,  'm3', 22, 4);
INSERT INTO operacaoagricola(tipooperacao, cadernocampoid, datarealizacao, quantidade, unidadedesignacao, culturaid, ParcelaAgricolaID) VALUES( 'Rega', 1,  TO_DATE('30-07-2022','DD-MM-YYYY'),  5.0,  'm3', 23, 4);
INSERT INTO operacaoagricola(tipooperacao, cadernocampoid, datarealizacao, quantidade, unidadedesignacao, culturaid, ParcelaAgricolaID) VALUES( 'Rega', 1,  TO_DATE('30-07-2022','DD-MM-YYYY'),  5.0,  'm3', 24, 4);
INSERT INTO operacaoagricola(tipooperacao, cadernocampoid, datarealizacao, quantidade, unidadedesignacao, culturaid, ParcelaAgricolaID) VALUES( 'Rega', 1,  TO_DATE('30-07-2022','DD-MM-YYYY'),  2.5,  'm3', 14, 6);
INSERT INTO operacaoagricola(tipooperacao, cadernocampoid, datarealizacao, quantidade, unidadedesignacao, culturaid, ParcelaAgricolaID) VALUES( 'Rega', 1,  TO_DATE('07-08-2022','DD-MM-YYYY'),  15.0,  'm3', 5, 3);
INSERT INTO operacaoagricola(tipooperacao, cadernocampoid, datarealizacao, quantidade, unidadedesignacao, culturaid, ParcelaAgricolaID) VALUES( 'Rega', 1,  TO_DATE('10-08-2022','DD-MM-YYYY'),  0.8,  'm3', 11, 2);
INSERT INTO operacaoagricola(tipooperacao, cadernocampoid, datarealizacao, quantidade, unidadedesignacao, culturaid, ParcelaAgricolaID) VALUES( 'Rega', 1,  TO_DATE('10-08-2022','DD-MM-YYYY'),  0.8,  'm3', 12, 2);
INSERT INTO operacaoagricola(tipooperacao, cadernocampoid, datarealizacao, quantidade, unidadedesignacao, culturaid, ParcelaAgricolaID) VALUES( 'Rega', 1,  TO_DATE('10-08-2022','DD-MM-YYYY'),  1.5,  'm3', 11, 2);
INSERT INTO operacaoagricola(tipooperacao, cadernocampoid, datarealizacao, quantidade, unidadedesignacao, culturaid, ParcelaAgricolaID) VALUES( 'Rega', 1,  TO_DATE('10-08-2022','DD-MM-YYYY'),  1.5,  'm3', 12, 2);
INSERT INTO operacaoagricola(tipooperacao, cadernocampoid, datarealizacao, quantidade, unidadedesignacao, culturaid, ParcelaAgricolaID) VALUES( 'Colheita', 1,  TO_DATE('12-08-2022','DD-MM-YYYY'), null, null, 26, 7);
INSERT INTO recolhaproduto VALUES (293, 95,  1200.0,  'kg');
INSERT INTO operacaoagricola(tipooperacao, cadernocampoid, datarealizacao, quantidade, unidadedesignacao, culturaid, ParcelaAgricolaID) VALUES( 'Colheita', 1,  TO_DATE('12-08-2022','DD-MM-YYYY'), null, null, 26, 7);
INSERT INTO recolhaproduto VALUES (294, 95,  600.0,  'kg');
INSERT INTO operacaoagricola(tipooperacao, cadernocampoid, datarealizacao, quantidade, unidadedesignacao, culturaid, ParcelaAgricolaID) VALUES( 'Colheita', 1,  TO_DATE('17-08-2022','DD-MM-YYYY'), null, null, 2, 1);
INSERT INTO recolhaproduto VALUES (295, 83,  3500.0,  'kg');
INSERT INTO operacaoagricola(tipooperacao, cadernocampoid, datarealizacao, quantidade, unidadedesignacao, culturaid, ParcelaAgricolaID) VALUES( 'Rega', 1,  TO_DATE('17-08-2022','DD-MM-YYYY'),  3.0,  'm3', 14, 6);
INSERT INTO operacaoagricola(tipooperacao, cadernocampoid, datarealizacao, quantidade, unidadedesignacao, culturaid, ParcelaAgricolaID) VALUES( 'Colheita', 1,  TO_DATE('18-08-2022','DD-MM-YYYY'), null, null, 5, 3);
INSERT INTO recolhaproduto VALUES (297, 82,  3300.0,  'kg');
INSERT INTO operacaoagricola(tipooperacao, cadernocampoid, datarealizacao, quantidade, unidadedesignacao, culturaid, ParcelaAgricolaID) VALUES( 'Colheita', 1,  TO_DATE('20-08-2022','DD-MM-YYYY'), null, null, 22, 4);
INSERT INTO recolhaproduto VALUES (298, 48,  950.0,  'kg');
INSERT INTO operacaoagricola(tipooperacao, cadernocampoid, datarealizacao, quantidade, unidadedesignacao, culturaid, ParcelaAgricolaID) VALUES( 'Colheita', 1,  TO_DATE('20-08-2022','DD-MM-YYYY'), null, null, 23, 4);
INSERT INTO recolhaproduto VALUES (299, 48,  950.0,  'kg');
INSERT INTO operacaoagricola(tipooperacao, cadernocampoid, datarealizacao, quantidade, unidadedesignacao, culturaid, ParcelaAgricolaID) VALUES( 'Colheita', 1,  TO_DATE('20-08-2022','DD-MM-YYYY'), null, null, 24, 4);
INSERT INTO recolhaproduto VALUES (300, 48,  950.0,  'kg');
INSERT INTO operacaoagricola(tipooperacao, cadernocampoid, datarealizacao, quantidade, unidadedesignacao, culturaid, ParcelaAgricolaID) VALUES( 'Colheita', 1,  TO_DATE('20-08-2022','DD-MM-YYYY'), null, null, 24, 4);
INSERT INTO recolhaproduto VALUES (301, 48,  950.0,  'kg');
INSERT INTO operacaoagricola(tipooperacao, cadernocampoid, datarealizacao, quantidade, unidadedesignacao, culturaid, ParcelaAgricolaID) VALUES( 'Colheita', 1,  TO_DATE('24-08-2022','DD-MM-YYYY'), null, null, 14, 6);
INSERT INTO recolhaproduto VALUES (302, 78,  650.0,  'kg');
INSERT INTO operacaoagricola(tipooperacao, cadernocampoid, datarealizacao, quantidade, unidadedesignacao, culturaid, ParcelaAgricolaID) VALUES( 'Colheita', 1,  TO_DATE('05-09-2022','DD-MM-YYYY'), null, null, 14, 6);
INSERT INTO recolhaproduto VALUES (303, 78,  1900.0,  'kg');
INSERT INTO operacaoagricola(tipooperacao, cadernocampoid, datarealizacao, quantidade, unidadedesignacao, culturaid, ParcelaAgricolaID) VALUES( 'Colheita', 1,  TO_DATE('07-09-2022','DD-MM-YYYY'), null, null, 22, 4);
INSERT INTO recolhaproduto VALUES (304, 48,  830.0,  'kg');
INSERT INTO operacaoagricola(tipooperacao, cadernocampoid, datarealizacao, quantidade, unidadedesignacao, culturaid, ParcelaAgricolaID) VALUES( 'Colheita', 1,  TO_DATE('07-09-2022','DD-MM-YYYY'), null, null, 23, 4);
INSERT INTO recolhaproduto VALUES (305, 48,  830.0,  'kg');
INSERT INTO operacaoagricola(tipooperacao, cadernocampoid, datarealizacao, quantidade, unidadedesignacao, culturaid, ParcelaAgricolaID) VALUES( 'Colheita', 1,  TO_DATE('07-09-2022','DD-MM-YYYY'), null, null, 24, 4);
INSERT INTO recolhaproduto VALUES (306, 48,  830.0,  'kg');
INSERT INTO operacaoagricola(tipooperacao, cadernocampoid, datarealizacao, quantidade, unidadedesignacao, culturaid, ParcelaAgricolaID) VALUES( 'Colheita', 1,  TO_DATE('07-09-2022','DD-MM-YYYY'), null, null, 24, 4);
INSERT INTO recolhaproduto VALUES (307, 48,  830.0,  'kg');
INSERT INTO operacaoagricola(tipooperacao, cadernocampoid, datarealizacao, quantidade, unidadedesignacao, culturaid, ParcelaAgricolaID) VALUES( 'Colheita', 1,  TO_DATE('11-09-2022','DD-MM-YYYY'), null, null, 22, 4);
INSERT INTO recolhaproduto VALUES (308, 41,  750.0,  'kg');
INSERT INTO operacaoagricola(tipooperacao, cadernocampoid, datarealizacao, quantidade, unidadedesignacao, culturaid, ParcelaAgricolaID) VALUES( 'Colheita', 1,  TO_DATE('11-09-2022','DD-MM-YYYY'), null, null, 23, 4);
INSERT INTO recolhaproduto VALUES (309, 41,  750.0,  'kg');
INSERT INTO operacaoagricola(tipooperacao, cadernocampoid, datarealizacao, quantidade, unidadedesignacao, culturaid, ParcelaAgricolaID) VALUES( 'Colheita', 1,  TO_DATE('11-09-2022','DD-MM-YYYY'), null, null, 24, 4);
INSERT INTO recolhaproduto VALUES (310, 41,  750.0,  'kg');
INSERT INTO operacaoagricola(tipooperacao, cadernocampoid, datarealizacao, quantidade, unidadedesignacao, culturaid, ParcelaAgricolaID) VALUES( 'Colheita', 1,  TO_DATE('11-09-2022','DD-MM-YYYY'), null, null, 24, 4);
INSERT INTO recolhaproduto VALUES (311, 41,  750.0,  'kg');
INSERT INTO operacaoagricola(tipooperacao, cadernocampoid, datarealizacao, quantidade, unidadedesignacao, culturaid, ParcelaAgricolaID) VALUES( 'Colheita', 1,  TO_DATE('20-09-2022','DD-MM-YYYY'), null, null, 22, 4);
INSERT INTO recolhaproduto VALUES (312, 41,  1150.0,  'kg');
INSERT INTO operacaoagricola(tipooperacao, cadernocampoid, datarealizacao, quantidade, unidadedesignacao, culturaid, ParcelaAgricolaID) VALUES( 'Colheita', 1,  TO_DATE('20-09-2022','DD-MM-YYYY'), null, null, 23, 4);
INSERT INTO recolhaproduto VALUES (313, 41,  1150.0,  'kg');
INSERT INTO operacaoagricola(tipooperacao, cadernocampoid, datarealizacao, quantidade, unidadedesignacao, culturaid, ParcelaAgricolaID) VALUES( 'Colheita', 1,  TO_DATE('20-09-2022','DD-MM-YYYY'), null, null, 24, 4);
INSERT INTO recolhaproduto VALUES (314, 41,  1150.0,  'kg');
INSERT INTO operacaoagricola(tipooperacao, cadernocampoid, datarealizacao, quantidade, unidadedesignacao, culturaid, ParcelaAgricolaID) VALUES( 'Colheita', 1,  TO_DATE('20-09-2022','DD-MM-YYYY'), null, null, 24, 4);
INSERT INTO recolhaproduto VALUES (315, 41,  1150.0,  'kg');
INSERT INTO operacaoagricola(tipooperacao, cadernocampoid, datarealizacao, quantidade, unidadedesignacao, culturaid, ParcelaAgricolaID) VALUES( 'Colheita', 1,  TO_DATE('17-10-2022','DD-MM-YYYY'), null, null, 22, 4);
INSERT INTO recolhaproduto VALUES (316, 37,  850.0,  'kg');
INSERT INTO operacaoagricola(tipooperacao, cadernocampoid, datarealizacao, quantidade, unidadedesignacao, culturaid, ParcelaAgricolaID) VALUES( 'Colheita', 1,  TO_DATE('17-10-2022','DD-MM-YYYY'), null, null, 23, 4);
INSERT INTO recolhaproduto VALUES (317, 37,  850.0,  'kg');
INSERT INTO operacaoagricola(tipooperacao, cadernocampoid, datarealizacao, quantidade, unidadedesignacao, culturaid, ParcelaAgricolaID) VALUES( 'Colheita', 1,  TO_DATE('17-10-2022','DD-MM-YYYY'), null, null, 24, 4);
INSERT INTO recolhaproduto VALUES (318, 37,  850.0,  'kg');
INSERT INTO operacaoagricola(tipooperacao, cadernocampoid, datarealizacao, quantidade, unidadedesignacao, culturaid, ParcelaAgricolaID) VALUES( 'Colheita', 1,  TO_DATE('17-10-2022','DD-MM-YYYY'), null, null, 24, 4);
INSERT INTO recolhaproduto VALUES (319, 37,  850.0,  'kg');
INSERT INTO operacaoagricola(tipooperacao, cadernocampoid, datarealizacao, quantidade, unidadedesignacao, culturaid, ParcelaAgricolaID) VALUES( 'Colheita', 1,  TO_DATE('06-11-2022','DD-MM-YYYY'), null, null, 22, 4);
INSERT INTO recolhaproduto VALUES (320, 37,  900.0,  'kg');
INSERT INTO operacaoagricola(tipooperacao, cadernocampoid, datarealizacao, quantidade, unidadedesignacao, culturaid, ParcelaAgricolaID) VALUES( 'Colheita', 1,  TO_DATE('06-11-2022','DD-MM-YYYY'), null, null, 23, 4);
INSERT INTO recolhaproduto VALUES (321, 37,  900.0,  'kg');
INSERT INTO operacaoagricola(tipooperacao, cadernocampoid, datarealizacao, quantidade, unidadedesignacao, culturaid, ParcelaAgricolaID) VALUES( 'Colheita', 1,  TO_DATE('06-11-2022','DD-MM-YYYY'), null, null, 24, 4);
INSERT INTO recolhaproduto VALUES (322, 37,  900.0,  'kg');
INSERT INTO operacaoagricola(tipooperacao, cadernocampoid, datarealizacao, quantidade, unidadedesignacao, culturaid, ParcelaAgricolaID) VALUES( 'Colheita', 1,  TO_DATE('06-11-2022','DD-MM-YYYY'), null, null, 24, 4);
INSERT INTO recolhaproduto VALUES (323, 37,  900.0,  'kg');
INSERT INTO operacaoagricola(tipooperacao, cadernocampoid, datarealizacao, quantidade, unidadedesignacao, culturaid, ParcelaAgricolaID) VALUES( 'Poda', 1,  TO_DATE('10-11-2022','DD-MM-YYYY'),  30.0,  'un', 11, 2);
INSERT INTO operacaoagricola(tipooperacao, cadernocampoid, datarealizacao, quantidade, unidadedesignacao, culturaid, ParcelaAgricolaID) VALUES( 'Poda', 1,  TO_DATE('10-11-2022','DD-MM-YYYY'),  30.0,  'un', 12, 2);
INSERT INTO operacaoagricola(tipooperacao, cadernocampoid, datarealizacao, quantidade, unidadedesignacao, culturaid, ParcelaAgricolaID) VALUES( 'Poda', 1,  TO_DATE('10-11-2022','DD-MM-YYYY'),  20.0,  'un', 11, 2);
INSERT INTO operacaoagricola(tipooperacao, cadernocampoid, datarealizacao, quantidade, unidadedesignacao, culturaid, ParcelaAgricolaID) VALUES( 'Poda', 1,  TO_DATE('10-11-2022','DD-MM-YYYY'),  20.0,  'un', 12, 2);
INSERT INTO operacaoagricola(tipooperacao, cadernocampoid, datarealizacao, quantidade, unidadedesignacao, culturaid, ParcelaAgricolaID) VALUES( 'Colheita', 1,  TO_DATE('12-11-2022','DD-MM-YYYY'), null, null, 11, 2);
INSERT INTO recolhaproduto VALUES (328, 92,  300.0,  'kg');
INSERT INTO operacaoagricola(tipooperacao, cadernocampoid, datarealizacao, quantidade, unidadedesignacao, culturaid, ParcelaAgricolaID) VALUES( 'Colheita', 1,  TO_DATE('12-11-2022','DD-MM-YYYY'), null, null, 12, 2);
INSERT INTO recolhaproduto VALUES (329, 92,  300.0,  'kg');
INSERT INTO operacaoagricola(tipooperacao, cadernocampoid, datarealizacao, quantidade, unidadedesignacao, culturaid, ParcelaAgricolaID) VALUES( 'Colheita', 1,  TO_DATE('12-11-2022','DD-MM-YYYY'), null, null, 11, 2);
INSERT INTO recolhaproduto VALUES (330, 89,  200.0,  'kg');
INSERT INTO operacaoagricola(tipooperacao, cadernocampoid, datarealizacao, quantidade, unidadedesignacao, culturaid, ParcelaAgricolaID) VALUES( 'Colheita', 1,  TO_DATE('12-11-2022','DD-MM-YYYY'), null, null, 12, 2);
INSERT INTO recolhaproduto VALUES (331, 89,  200.0,  'kg');
INSERT INTO operacaoagricola(tipooperacao, cadernocampoid, datarealizacao, quantidade, unidadedesignacao, culturaid, ParcelaAgricolaID) VALUES( 'Colheita', 1,  TO_DATE('15-11-2022','DD-MM-YYYY'), null, null, 21, 6);
INSERT INTO recolhaproduto VALUES (332, 84,  50.0,  'kg');
INSERT INTO operacaoagricola(tipooperacao, cadernocampoid, datarealizacao, quantidade, unidadedesignacao, culturaid, ParcelaAgricolaID) VALUES( 'Poda', 1,  TO_DATE('04-12-2022','DD-MM-YYYY'),  70.0,  'un', 22, 4);
INSERT INTO operacaoagricola(tipooperacao, cadernocampoid, datarealizacao, quantidade, unidadedesignacao, culturaid, ParcelaAgricolaID) VALUES( 'Poda', 1,  TO_DATE('04-12-2022','DD-MM-YYYY'),  70.0,  'un', 23, 4);
INSERT INTO operacaoagricola(tipooperacao, cadernocampoid, datarealizacao, quantidade, unidadedesignacao, culturaid, ParcelaAgricolaID) VALUES( 'Poda', 1,  TO_DATE('04-12-2022','DD-MM-YYYY'),  70.0,  'un', 24, 4);
INSERT INTO operacaoagricola(tipooperacao, cadernocampoid, datarealizacao, quantidade, unidadedesignacao, culturaid, ParcelaAgricolaID) VALUES( 'Poda', 1,  TO_DATE('07-12-2022','DD-MM-YYYY'),  90.0,  'un', 22, 4);
INSERT INTO operacaoagricola(tipooperacao, cadernocampoid, datarealizacao, quantidade, unidadedesignacao, culturaid, ParcelaAgricolaID) VALUES( 'Poda', 1,  TO_DATE('07-12-2022','DD-MM-YYYY'),  90.0,  'un', 23, 4);
INSERT INTO operacaoagricola(tipooperacao, cadernocampoid, datarealizacao, quantidade, unidadedesignacao, culturaid, ParcelaAgricolaID) VALUES( 'Poda', 1,  TO_DATE('07-12-2022','DD-MM-YYYY'),  90.0,  'un', 24, 4);
INSERT INTO operacaoagricola(tipooperacao, cadernocampoid, datarealizacao, quantidade, unidadedesignacao, culturaid, ParcelaAgricolaID) VALUES( 'Fertilização', 1,  TO_DATE('11-12-2022','DD-MM-YYYY'), null, null, 11, 2);
INSERT INTO aplicacaofator VALUES (339, 3,  'Solo',  15.0,  'kg');
INSERT INTO operacaoagricola(tipooperacao, cadernocampoid, datarealizacao, quantidade, unidadedesignacao, culturaid, ParcelaAgricolaID) VALUES( 'Fertilização', 1,  TO_DATE('11-12-2022','DD-MM-YYYY'), null, null, 12, 2);
INSERT INTO aplicacaofator VALUES (340, 3,  'Solo',  15.0,  'kg');
INSERT INTO operacaoagricola(tipooperacao, cadernocampoid, datarealizacao, quantidade, unidadedesignacao, culturaid, ParcelaAgricolaID) VALUES( 'Fertilização', 1,  TO_DATE('11-12-2022','DD-MM-YYYY'), null, null, 11, 2);
INSERT INTO aplicacaofator VALUES (341, 3,  'Solo',  10.0,  'kg');
INSERT INTO operacaoagricola(tipooperacao, cadernocampoid, datarealizacao, quantidade, unidadedesignacao, culturaid, ParcelaAgricolaID) VALUES( 'Fertilização', 1,  TO_DATE('11-12-2022','DD-MM-YYYY'), null, null, 12, 2);
INSERT INTO aplicacaofator VALUES (342, 3,  'Solo',  10.0,  'kg');
INSERT INTO operacaoagricola(tipooperacao, cadernocampoid, datarealizacao, quantidade, unidadedesignacao, culturaid, ParcelaAgricolaID) VALUES( 'Poda', 1,  TO_DATE('16-12-2022','DD-MM-YYYY'),  500.0,  'un', 26, 7);
INSERT INTO operacaoagricola(tipooperacao, cadernocampoid, datarealizacao, quantidade, unidadedesignacao, culturaid, ParcelaAgricolaID) VALUES( 'Colheita', 1,  TO_DATE('18-12-2022','DD-MM-YYYY'), null, null, 21, 6);
INSERT INTO recolhaproduto VALUES (344, 84,  200.0,  'kg');
INSERT INTO operacaoagricola(tipooperacao, cadernocampoid, datarealizacao, quantidade, unidadedesignacao, culturaid, ParcelaAgricolaID) VALUES( 'Poda', 1,  TO_DATE('18-12-2022','DD-MM-YYYY'),  700.0,  'un', 26, 7);
INSERT INTO operacaoagricola(tipooperacao, cadernocampoid, datarealizacao, quantidade, unidadedesignacao, culturaid, ParcelaAgricolaID) VALUES( 'Poda', 1,  TO_DATE('12-01-2023','DD-MM-YYYY'),  60.0,  'un', 22, 4);
INSERT INTO operacaoagricola(tipooperacao, cadernocampoid, datarealizacao, quantidade, unidadedesignacao, culturaid, ParcelaAgricolaID) VALUES( 'Poda', 1,  TO_DATE('12-01-2023','DD-MM-YYYY'),  60.0,  'un', 23, 4);
INSERT INTO operacaoagricola(tipooperacao, cadernocampoid, datarealizacao, quantidade, unidadedesignacao, culturaid, ParcelaAgricolaID) VALUES( 'Poda', 1,  TO_DATE('12-01-2023','DD-MM-YYYY'),  60.0,  'un', 24, 4);
INSERT INTO operacaoagricola(tipooperacao, cadernocampoid, datarealizacao, quantidade, unidadedesignacao, culturaid, ParcelaAgricolaID) VALUES( 'Colheita', 1,  TO_DATE('14-01-2023','DD-MM-YYYY'), null, null, 21, 6);
INSERT INTO recolhaproduto VALUES (349, 84,  250.0,  'kg');
INSERT INTO operacaoagricola(tipooperacao, cadernocampoid, datarealizacao, quantidade, unidadedesignacao, culturaid, ParcelaAgricolaID) VALUES( 'Aplicação fitofármaco', 1,  TO_DATE('20-01-2023','DD-MM-YYYY'), null, null, 26, 7);
INSERT INTO aplicacaofator VALUES (350, 1,  null,  4.0,  'kg');
INSERT INTO operacaoagricola(tipooperacao, cadernocampoid, datarealizacao, quantidade, unidadedesignacao, culturaid, ParcelaAgricolaID) VALUES( 'Aplicação fitofármaco', 1,  TO_DATE('20-01-2023','DD-MM-YYYY'), null, null, 26, 7);
INSERT INTO aplicacaofator VALUES (351, 1,  null,  5.0,  'kg');
INSERT INTO operacaoagricola(tipooperacao, cadernocampoid, datarealizacao, quantidade, unidadedesignacao, culturaid, ParcelaAgricolaID) VALUES( 'Incorporação no solo', 1,  TO_DATE('20-03-2023','DD-MM-YYYY'),  1.3,  'ha', 6, 3);
