INSERT INTO cadernocampo(nome) VALUES ('Legacy');
INSERT INTO unidade(designacao) VALUES ('un');
INSERT INTO unidade(designacao) VALUES ('m3');
INSERT INTO unidade(designacao) VALUES ('kg');
INSERT INTO unidade(designacao) VALUES ('ha');
INSERT INTO unidade(designacao) VALUES ('m2');
INSERT INTO unidade(designacao) VALUES ('min');
INSERT INTO unidade(designacao) VALUES ('l');
INSERT INTO unidade(designacao) VALUES ('l/ha');
INSERT INTO unidade(designacao) VALUES ('kg/l');
INSERT INTO tipoplanta(designacao) VALUES ('Permanente');
INSERT INTO tipoplanta(designacao) VALUES ('Temporária');
INSERT INTO modoafator(designacao) VALUES ('Solo');
INSERT INTO modoafator(designacao) VALUES ('Foliar');
INSERT INTO modoafator(designacao) VALUES ('Outros');
INSERT INTO tipoplanta(designacao) VALUES ('Permanente');
INSERT INTO tipoplanta(designacao) VALUES ('Temporária');
INSERT INTO parcela(designacao, area) VALUES ('Campo da bouça', 1.2);
INSERT INTO parcela(designacao, area) VALUES ('Campo grande', 3.0);
INSERT INTO parcela(designacao, area) VALUES ('Campo do poço', 1.5);
INSERT INTO parcela(designacao, area) VALUES ('Lameiro da ponte', 0.8);
INSERT INTO parcela(designacao, area) VALUES ('Lameiro do moinho', 1.1);
INSERT INTO parcela(designacao, area) VALUES ('Horta nova', 0.3);
INSERT INTO parcela(designacao, area) VALUES ('Vinha', 2.0);
INSERT INTO planta(nome, especie, plantatipoid) VALUES ('Ameixoeira rainha claudia caranguejeira', 'Prunus domestica', 1);
INSERT INTO planta(nome, especie, plantatipoid) VALUES ('Ameixoeira president', 'Prunus domestica', 1);
INSERT INTO planta(nome, especie, plantatipoid) VALUES ('Ameixoeira stanley', 'Prunus domestica', 1);
INSERT INTO planta(nome, especie, plantatipoid) VALUES ('Ameixoeira angeleno', 'Prunus domestica', 1);
INSERT INTO planta(nome, especie, plantatipoid) VALUES ('Ameixoeira black beauty', 'Prunus domestica', 1);
INSERT INTO planta(nome, especie, plantatipoid) VALUES ('Ameixoeira black star', 'Prunus domestica', 1);
INSERT INTO planta(nome, especie, plantatipoid) VALUES ('Ameixoeira black gold', 'Prunus domestica', 1);
INSERT INTO planta(nome, especie, plantatipoid) VALUES ('Ameixoeira black diamond', 'Prunus domestica', 1);
INSERT INTO planta(nome, especie, plantatipoid) VALUES ('Ameixoeira black amber', 'Prunus domestica', 1);
INSERT INTO planta(nome, especie, plantatipoid) VALUES ('Ameixoeira black splendor', 'Prunus domestica', 1);
INSERT INTO planta(nome, especie, plantatipoid) VALUES ('Ameixoeira fortuna', 'Prunus domestica', 1);
INSERT INTO planta(nome, especie, plantatipoid) VALUES ('Ameixoeira friar', 'Prunus domestica', 1);
INSERT INTO planta(nome, especie, plantatipoid) VALUES ('Ameixoeira el dorado', 'Prunus domestica', 1);
INSERT INTO planta(nome, especie, plantatipoid) VALUES ('Ameixoeira elephant heart', 'Prunus domestica', 1);
INSERT INTO planta(nome, especie, plantatipoid) VALUES ('Ameixoeira golden japan', 'Prunus domestica', 1);
INSERT INTO planta(nome, especie, plantatipoid) VALUES ('Ameixoeira harry pitchon', 'Prunus domestica', 1);
INSERT INTO planta(nome, especie, plantatipoid) VALUES ('Ameixoeira laetitia', 'Prunus domestica', 1);
INSERT INTO planta(nome, especie, plantatipoid) VALUES ('Ameixoeira metley', 'Prunus domestica', 1);
INSERT INTO planta(nome, especie, plantatipoid) VALUES ('Ameixoeira mirabelle de nancy', 'Prunus domestica', 1);
INSERT INTO planta(nome, especie, plantatipoid) VALUES ('Ameixoeira queen rose', 'Prunus domestica', 1);
INSERT INTO planta(nome, especie, plantatipoid) VALUES ('Ameixoeira red beaut', 'Prunus domestica', 1);
INSERT INTO planta(nome, especie, plantatipoid) VALUES ('Ameixoeira santa rosa', 'Prunus domestica', 1);
INSERT INTO planta(nome, especie, plantatipoid) VALUES ('Ameixoeira shiro', 'Prunus domestica', 1);
INSERT INTO planta(nome, especie, plantatipoid) VALUES ('Ameixoeira sungold', 'Prunus domestica', 1);
INSERT INTO planta(nome, especie, plantatipoid) VALUES ('Ameixoeira wilson perfection', 'Prunus domestica', 1);
INSERT INTO planta(nome, especie, plantatipoid) VALUES ('Ameixoeira autumn giant', 'Prunus domestica', 1);
INSERT INTO planta(nome, especie, plantatipoid) VALUES ('Damasqueiro bulida', 'Prunus armeniaca', 1);
INSERT INTO planta(nome, especie, plantatipoid) VALUES ('Damasqueiro canino', 'Prunus armeniaca', 1);
INSERT INTO planta(nome, especie, plantatipoid) VALUES ('Damasqueiro liabaud', 'Prunus armeniaca', 1);
INSERT INTO planta(nome, especie, plantatipoid) VALUES ('Damasqueiro maillot jaune', 'Prunus armeniaca', 1);
INSERT INTO planta(nome, especie, plantatipoid) VALUES ('Damasqueiro polonais', 'Prunus armeniaca', 1);
INSERT INTO planta(nome, especie, plantatipoid) VALUES ('Macieira akane', 'Malus domestica', 1);
INSERT INTO planta(nome, especie, plantatipoid) VALUES ('Macieira belgolden', 'Malus domestica', 1);
INSERT INTO planta(nome, especie, plantatipoid) VALUES ('Macieira bravo de esmolfe', 'Malus domestica', 1);
INSERT INTO planta(nome, especie, plantatipoid) VALUES ('Macieira casa nova de alcobaça', 'Malus domestica', 1);
INSERT INTO planta(nome, especie, plantatipoid) VALUES ('Macieira erovan', 'Malus domestica', 1);
INSERT INTO planta(nome, especie, plantatipoid) VALUES ('Macieira fuji', 'Malus domestica', 1);
INSERT INTO planta(nome, especie, plantatipoid) VALUES ('Macieira granny smith', 'Malus domestica', 1);
INSERT INTO planta(nome, especie, plantatipoid) VALUES ('Macieira golden delicious', 'Malus domestica', 1);
INSERT INTO planta(nome, especie, plantatipoid) VALUES ('Macieira hi-early', 'Malus domestica', 1);
INSERT INTO planta(nome, especie, plantatipoid) VALUES ('Macieira jonagored', 'Malus domestica', 1);
INSERT INTO planta(nome, especie, plantatipoid) VALUES ('Macieira lysgolden', 'Malus domestica', 1);
INSERT INTO planta(nome, especie, plantatipoid) VALUES ('Macieira mutsu', 'Malus domestica', 1);
INSERT INTO planta(nome, especie, plantatipoid) VALUES ('Macieira porta da loja', 'Malus domestica', 1);
INSERT INTO planta(nome, especie, plantatipoid) VALUES ('Macieira reinette ou canada', 'Malus domestica', 1);
INSERT INTO planta(nome, especie, plantatipoid) VALUES ('Macieira reinette ou grand fay', 'Malus domestica', 1);
INSERT INTO planta(nome, especie, plantatipoid) VALUES ('Macieira riscadinha de palmela', 'Malus domestica', 1);
INSERT INTO planta(nome, especie, plantatipoid) VALUES ('Macieira royal gala', 'Malus domestica', 1);
INSERT INTO planta(nome, especie, plantatipoid) VALUES ('Macieira redchief', 'Malus domestica', 1);
INSERT INTO planta(nome, especie, plantatipoid) VALUES ('Macieira starking', 'Malus domestica', 1);
INSERT INTO planta(nome, especie, plantatipoid) VALUES ('Macieira summer red', 'Malus domestica', 1);
INSERT INTO planta(nome, especie, plantatipoid) VALUES ('Macieira well''spur delicious', 'Malus domestica', 1);
INSERT INTO planta(nome, especie, plantatipoid) VALUES ('Macieira noiva', 'Malus domestica', 1);
INSERT INTO planta(nome, especie, plantatipoid) VALUES ('Macieira olho aberto', 'Malus domestica', 1);
INSERT INTO planta(nome, especie, plantatipoid) VALUES ('Macieira camoesa rosa', 'Malus domestica', 1);
INSERT INTO planta(nome, especie, plantatipoid) VALUES ('Macieira malápio', 'Malus domestica', 1);
INSERT INTO planta(nome, especie, plantatipoid) VALUES ('Macieira gronho doce', 'Malus domestica', 1);
INSERT INTO planta(nome, especie, plantatipoid) VALUES ('Macieira pé de boi', 'Malus domestica', 1);
INSERT INTO planta(nome, especie, plantatipoid) VALUES ('Macieira pinova', 'Malus domestica', 1);
INSERT INTO planta(nome, especie, plantatipoid) VALUES ('Macieira pardo lindo', 'Malus domestica', 1);
INSERT INTO planta(nome, especie, plantatipoid) VALUES ('Macieira pipo de basto', 'Malus domestica', 1);
INSERT INTO planta(nome, especie, plantatipoid) VALUES ('Macieira prima', 'Malus domestica', 1);
INSERT INTO planta(nome, especie, plantatipoid) VALUES ('Macieira querina', 'Malus domestica', 1);
INSERT INTO planta(nome, especie, plantatipoid) VALUES ('Macieira vista bella', 'Malus domestica', 1);
INSERT INTO planta(nome, especie, plantatipoid) VALUES ('Macieira golden smoothee', 'Malus domestica', 1);
INSERT INTO planta(nome, especie, plantatipoid) VALUES ('Macieira golden suprema', 'Malus domestica', 1);
INSERT INTO planta(nome, especie, plantatipoid) VALUES ('Macieira gloster 69', 'Malus domestica', 1);
INSERT INTO planta(nome, especie, plantatipoid) VALUES ('Macieira freedom', 'Malus domestica', 1);
INSERT INTO planta(nome, especie, plantatipoid) VALUES ('Pera nashi sninseiki', 'Pyrus pyrifolia', 1);
INSERT INTO planta(nome, especie, plantatipoid) VALUES ('Pera nashi kumoi', 'Pyrus pyrifolia', 1);
INSERT INTO planta(nome, especie, plantatipoid) VALUES ('Pera nashi hosui', 'Pyrus pyrifolia', 1);
INSERT INTO planta(nome, especie, plantatipoid) VALUES ('Pera nashi nijisseiki', 'Pyrus pyrifolia', 1);
INSERT INTO planta(nome, especie, plantatipoid) VALUES ('Cenoura carson hybrid', 'Daucus carota subsp. sativus', 2);
INSERT INTO planta(nome, especie, plantatipoid) VALUES ('Cenoura red cored chantenay', 'Daucus carota subsp. sativus', 2);
INSERT INTO planta(nome, especie, plantatipoid) VALUES ('Cenoura danvers half long', 'Daucus carota subsp. sativus', 2);
INSERT INTO planta(nome, especie, plantatipoid) VALUES ('Cenoura imperator 58', 'Daucus carota subsp. sativus', 2);
INSERT INTO planta(nome, especie, plantatipoid) VALUES ('Cenoura sugarsnax hybrid', 'Daucus carota subsp. sativus', 2);
INSERT INTO planta(nome, especie, plantatipoid) VALUES ('Cenoura nelson hybrid', 'Daucus carota subsp. sativus', 2);
INSERT INTO planta(nome, especie, plantatipoid) VALUES ('Cenoura scarlet nantes', 'Daucus carota subsp. sativus', 2);
INSERT INTO planta(nome, especie, plantatipoid) VALUES ('Tremoço amarelo', 'Lupinus luteus', 2);
INSERT INTO planta(nome, especie, plantatipoid) VALUES ('Tremoço branco', 'Lupinus albus', 2);
INSERT INTO planta(nome, especie, plantatipoid) VALUES ('Milho mas 24.c', 'Zea mays', 2);
INSERT INTO planta(nome, especie, plantatipoid) VALUES ('Milho doce golden bantam', 'Zea mays', 2);
INSERT INTO planta(nome, especie, plantatipoid) VALUES ('Nabo greleiro senhora conceição', 'Brassica rapa', 2);
INSERT INTO planta(nome, especie, plantatipoid) VALUES ('Oliveira cobrançosa', 'Olea europaea', 1);
INSERT INTO planta(nome, especie, plantatipoid) VALUES ('Oliveira arbequina', 'Olea europaea', 1);
INSERT INTO planta(nome, especie, plantatipoid) VALUES ('Oliveira hojiblanca', 'Olea europaea', 1);
INSERT INTO planta(nome, especie, plantatipoid) VALUES ('Oliveira negrinha do freixo', 'Olea europaea', 1);
INSERT INTO planta(nome, especie, plantatipoid) VALUES ('Oliveira picual', 'Olea europaea', 1);
INSERT INTO planta(nome, especie, plantatipoid) VALUES ('Oliveira maçanilha', 'Olea europaea', 1);
INSERT INTO planta(nome, especie, plantatipoid) VALUES ('Oliveira conserva de elvas', 'Olea europaea', 1);
INSERT INTO planta(nome, especie, plantatipoid) VALUES ('Oliveira galega', 'Olea europaea', 1);
INSERT INTO planta(nome, especie, plantatipoid) VALUES ('Nabo s. cosme', 'Brassica rapa', 2);
INSERT INTO planta(nome, especie, plantatipoid) VALUES ('Videira dona maria', 'Vitis vinifera', 1);
INSERT INTO planta(nome, especie, plantatipoid) VALUES ('Videira cardinal', 'Vitis vinifera', 1);
INSERT INTO produto(nome, plantaid) VALUES ('Ameixa rainha claudia caranguejeira', 1);
INSERT INTO produto(nome, plantaid) VALUES ('Ameixa president', 2);
INSERT INTO produto(nome, plantaid) VALUES ('Ameixa stanley', 3);
INSERT INTO produto(nome, plantaid) VALUES ('Ameixa angeleno', 4);
INSERT INTO produto(nome, plantaid) VALUES ('Ameixa black beauty', 5);
INSERT INTO produto(nome, plantaid) VALUES ('Ameixa black star', 6);
INSERT INTO produto(nome, plantaid) VALUES ('Ameixa black gold', 7);
INSERT INTO produto(nome, plantaid) VALUES ('Ameixa black diamond', 8);
INSERT INTO produto(nome, plantaid) VALUES ('Ameixa black amber', 9);
INSERT INTO produto(nome, plantaid) VALUES ('Ameixa black splendor', 10);
INSERT INTO produto(nome, plantaid) VALUES ('Ameixa fortuna', 11);
INSERT INTO produto(nome, plantaid) VALUES ('Ameixa friar', 12);
INSERT INTO produto(nome, plantaid) VALUES ('Ameixa el dorado', 13);
INSERT INTO produto(nome, plantaid) VALUES ('Ameixa elephant heart', 14);
INSERT INTO produto(nome, plantaid) VALUES ('Ameixa golden japan', 15);
INSERT INTO produto(nome, plantaid) VALUES ('Ameixa harry pitchon', 16);
INSERT INTO produto(nome, plantaid) VALUES ('Ameixa laetitia', 17);
INSERT INTO produto(nome, plantaid) VALUES ('Ameixa metley', 18);
INSERT INTO produto(nome, plantaid) VALUES ('Ameixa mirabelle de nancy', 19);
INSERT INTO produto(nome, plantaid) VALUES ('Ameixa queen rose', 20);
INSERT INTO produto(nome, plantaid) VALUES ('Ameixa red beaut', 21);
INSERT INTO produto(nome, plantaid) VALUES ('Ameixa santa rosa', 22);
INSERT INTO produto(nome, plantaid) VALUES ('Ameixa shiro', 23);
INSERT INTO produto(nome, plantaid) VALUES ('Ameixa sungold', 24);
INSERT INTO produto(nome, plantaid) VALUES ('Ameixa wilson perfection', 25);
INSERT INTO produto(nome, plantaid) VALUES ('Ameixa autumn giant', 26);
INSERT INTO produto(nome, plantaid) VALUES ('Damasco bulida', 27);
INSERT INTO produto(nome, plantaid) VALUES ('Damasco canino', 28);
INSERT INTO produto(nome, plantaid) VALUES ('Damasco liabaud', 29);
INSERT INTO produto(nome, plantaid) VALUES ('Damasco maillot jaune', 30);
INSERT INTO produto(nome, plantaid) VALUES ('Damasco polonais', 31);
INSERT INTO produto(nome, plantaid) VALUES ('Maçã akane', 32);
INSERT INTO produto(nome, plantaid) VALUES ('Maçã belgolden', 33);
INSERT INTO produto(nome, plantaid) VALUES ('Maçã bravo de esmolfe', 34);
INSERT INTO produto(nome, plantaid) VALUES ('Maçã casa nova de alcobaça', 35);
INSERT INTO produto(nome, plantaid) VALUES ('Maçã erovan', 36);
INSERT INTO produto(nome, plantaid) VALUES ('Maçã fuji', 37);
INSERT INTO produto(nome, plantaid) VALUES ('Maçã granny smith', 38);
INSERT INTO produto(nome, plantaid) VALUES ('Maçã golden delicious', 39);
INSERT INTO produto(nome, plantaid) VALUES ('Maçã hi-early', 40);
INSERT INTO produto(nome, plantaid) VALUES ('Maçã jonagored', 41);
INSERT INTO produto(nome, plantaid) VALUES ('Maçã lysgolden', 42);
INSERT INTO produto(nome, plantaid) VALUES ('Maçã mutsu', 43);
INSERT INTO produto(nome, plantaid) VALUES ('Maçã porta da loja', 44);
INSERT INTO produto(nome, plantaid) VALUES ('Maçã reinette ou canada', 45);
INSERT INTO produto(nome, plantaid) VALUES ('Maçã reinette ou grand fay', 46);
INSERT INTO produto(nome, plantaid) VALUES ('Maçã riscadinha de palmela', 47);
INSERT INTO produto(nome, plantaid) VALUES ('Maçã royal gala', 48);
INSERT INTO produto(nome, plantaid) VALUES ('Maçã redchief', 49);
INSERT INTO produto(nome, plantaid) VALUES ('Maçã starking', 50);
INSERT INTO produto(nome, plantaid) VALUES ('Maçã summer red', 51);
INSERT INTO produto(nome, plantaid) VALUES ('Maçã well''spur delicious', 52);
INSERT INTO produto(nome, plantaid) VALUES ('Maçã noiva', 53);
INSERT INTO produto(nome, plantaid) VALUES ('Maçã olho aberto', 54);
INSERT INTO produto(nome, plantaid) VALUES ('Maçã camoesa rosa', 55);
INSERT INTO produto(nome, plantaid) VALUES ('Maçã malápio', 56);
INSERT INTO produto(nome, plantaid) VALUES ('Maçã gronho doce', 57);
INSERT INTO produto(nome, plantaid) VALUES ('Maçã pé de boi', 58);
INSERT INTO produto(nome, plantaid) VALUES ('Maçã pinova', 59);
INSERT INTO produto(nome, plantaid) VALUES ('Maçã pardo lindo', 60);
INSERT INTO produto(nome, plantaid) VALUES ('Maçã pipo de basto', 61);
INSERT INTO produto(nome, plantaid) VALUES ('Maçã prima', 62);
INSERT INTO produto(nome, plantaid) VALUES ('Maçã querina', 63);
INSERT INTO produto(nome, plantaid) VALUES ('Maçã vista bella', 64);
INSERT INTO produto(nome, plantaid) VALUES ('Maçã golden smoothee', 65);
INSERT INTO produto(nome, plantaid) VALUES ('Maçã golden suprema', 66);
INSERT INTO produto(nome, plantaid) VALUES ('Maçã gloster 69', 67);
INSERT INTO produto(nome, plantaid) VALUES ('Maçã freedom', 68);
INSERT INTO produto(nome, plantaid) VALUES ('Pera nashi sninseiki', 69);
INSERT INTO produto(nome, plantaid) VALUES ('Pera nashi kumoi', 70);
INSERT INTO produto(nome, plantaid) VALUES ('Pera nashi hosui', 71);
INSERT INTO produto(nome, plantaid) VALUES ('Pera nashi nijisseiki', 72);
INSERT INTO produto(nome, plantaid) VALUES ('Cenoura carson hybrid', 73);
INSERT INTO produto(nome, plantaid) VALUES ('Cenoura red cored chantenay', 74);
INSERT INTO produto(nome, plantaid) VALUES ('Cenoura danvers half long', 75);
INSERT INTO produto(nome, plantaid) VALUES ('Cenoura imperator 58', 76);
INSERT INTO produto(nome, plantaid) VALUES ('Cenoura sugarsnax hybrid', 77);
INSERT INTO produto(nome, plantaid) VALUES ('Cenoura nelson hybrid', 78);
INSERT INTO produto(nome, plantaid) VALUES ('Cenoura scarlet nantes', 79);
INSERT INTO produto(nome, plantaid) VALUES ('Tremoço amarelo', 80);
INSERT INTO produto(nome, plantaid) VALUES ('Tremoço branco', 81);
INSERT INTO produto(nome, plantaid) VALUES ('Milho mas 24.c', 82);
INSERT INTO produto(nome, plantaid) VALUES ('Milho doce golden bantam', 83);
INSERT INTO produto(nome, plantaid) VALUES ('Nabo greleiro senhora conceição', 84);
INSERT INTO produto(nome, plantaid) VALUES ('Azeitona cobrançosa', 85);
INSERT INTO produto(nome, plantaid) VALUES ('Azeitona arbequina', 86);
INSERT INTO produto(nome, plantaid) VALUES ('Azeitona hojiblanca', 87);
INSERT INTO produto(nome, plantaid) VALUES ('Azeitona negrinha do freixo', 88);
INSERT INTO produto(nome, plantaid) VALUES ('Azeitona picual', 89);
INSERT INTO produto(nome, plantaid) VALUES ('Azeitona maçanilha', 90);
INSERT INTO produto(nome, plantaid) VALUES ('Azeitona conserva de elvas', 91);
INSERT INTO produto(nome, plantaid) VALUES ('Azeitona galega', 92);
INSERT INTO produto(nome, plantaid) VALUES ('Nabo s. cosme', 93);
INSERT INTO produto(nome, plantaid) VALUES ('Uva dona maria', 94);
INSERT INTO produto(nome, plantaid) VALUES ('Uva cardinal', 95);
INSERT INTO fatorproducao(nomecomercial, formulacao, fabricante,fatorproducaotipo,aplicacao) VALUES ('Calda bordalesa ascenza', 'Pó molhável', 'Ascenza', 'Fitofármaco', 'Fungicida');
INSERT INTO fatorproducao(nomecomercial, formulacao, fabricante,fatorproducaotipo,aplicacao) VALUES ('Enxofre bayer 80 wg', 'Pó molhável', 'Bayer', 'Fitofármaco', 'Fungicida');
INSERT INTO fatorproducao(nomecomercial, formulacao, fabricante,fatorproducaotipo,aplicacao) VALUES ('Patentkali', 'Granulado', 'K+s', 'Adubo', 'Adubo solo');
INSERT INTO fatorproducao(nomecomercial, formulacao, fabricante,fatorproducaotipo,aplicacao) VALUES ('Esta kieserit', 'Granulado', 'K+s', 'Adubo', 'Adubo solo');
INSERT INTO fatorproducao(nomecomercial, formulacao, fabricante,fatorproducaotipo,aplicacao) VALUES ('Epso microtop', 'Granulado', 'K+s', 'Adubo', 'Adubo foliar+fertirrega');
INSERT INTO fatorproducao(nomecomercial, formulacao, fabricante,fatorproducaotipo,aplicacao) VALUES ('Epso top', 'Granulado', 'K+s', 'Adubo', 'Adubo foliar');
INSERT INTO fatorproducao(nomecomercial, formulacao, fabricante,fatorproducaotipo,aplicacao) VALUES ('Biocal caco3', 'Granulado', 'Biocal', 'Corretor', 'Correção solo');
INSERT INTO fatorproducao(nomecomercial, formulacao, fabricante,fatorproducaotipo,aplicacao) VALUES ('Biocal composto', 'Pó', 'Biocal', 'Corretor', 'Correção solo');
INSERT INTO fatorproducao(nomecomercial, formulacao, fabricante,fatorproducaotipo,aplicacao) VALUES ('Sonata', 'Líquido', 'Bayer', 'Fitofármaco', 'Fungicida');
INSERT INTO fatorproducao(nomecomercial, formulacao, fabricante,fatorproducaotipo,aplicacao) VALUES ('Flipper ', 'Emulsão de óleo em água', 'Bayer', 'Fitofármaco', 'Insecticida');
INSERT INTO fatorproducao(nomecomercial, formulacao, fabricante,fatorproducaotipo,aplicacao) VALUES ('Requiem prime', 'Líquido', 'Bayer', 'Fitofármaco', 'Insecticida');
INSERT INTO fichatecnica(FatorProducaoID, Nome, quantidade) VALUES (1,'Cu',0.2);
INSERT INTO fichatecnica(FatorProducaoID, Nome, quantidade) VALUES (2,'S',0.8);
INSERT INTO fichatecnica(FatorProducaoID, Nome, quantidade) VALUES (3,'K',0.249);
INSERT INTO fichatecnica(FatorProducaoID, Nome, quantidade) VALUES (3,'Mg',0.06);
INSERT INTO fichatecnica(FatorProducaoID, Nome, quantidade) VALUES (3,'S',0.176);
INSERT INTO fichatecnica(FatorProducaoID, Nome, quantidade) VALUES (4,'Mg',0.151);
INSERT INTO fichatecnica(FatorProducaoID, Nome, quantidade) VALUES (4,'S',0.208);
INSERT INTO fichatecnica(FatorProducaoID, Nome, quantidade) VALUES (5,'Mg',0.09);
INSERT INTO fichatecnica(FatorProducaoID, Nome, quantidade) VALUES (5,'S',0.124);
INSERT INTO fichatecnica(FatorProducaoID, Nome, quantidade) VALUES (5,'B',0.009);
INSERT INTO fichatecnica(FatorProducaoID, Nome, quantidade) VALUES (5,'Mn',0.01);
INSERT INTO fichatecnica(FatorProducaoID, Nome, quantidade) VALUES (6,'Mg',0.096);
INSERT INTO fichatecnica(FatorProducaoID, Nome, quantidade) VALUES (6,'S',0.13);
INSERT INTO fichatecnica(FatorProducaoID, Nome, quantidade) VALUES (7,'Caco3',0.882);
INSERT INTO fichatecnica(FatorProducaoID, Nome, quantidade) VALUES (7,'Mgco3',0.019);
INSERT INTO fichatecnica(FatorProducaoID, Nome, quantidade) VALUES (8,'Caco3',0.717);
INSERT INTO fichatecnica(FatorProducaoID, Nome, quantidade) VALUES (8,'Mgco3',0.148);
INSERT INTO fichatecnica(FatorProducaoID, Nome, quantidade) VALUES (8,'Mgo',0.079);
INSERT INTO fichatecnica(FatorProducaoID, Nome, quantidade) VALUES (9,'Bacillus pumilus',0.9774);
INSERT INTO fichatecnica(FatorProducaoID, Nome, quantidade) VALUES (10,'Ácidos gordos (na forma de sais de potássio)',0.478);
INSERT INTO fichatecnica(FatorProducaoID, Nome, quantidade) VALUES (11,'Terpenóides',0.1442);
INSERT INTO cultura(ParcelaID, PlantaID, unidadedesignacao, quantidade, data_inicio, data_fim) VALUES (1, 80, 'ha', 1.1, TO_DATE('10-10-2020','DD-MM-YYYY'), TO_DATE('30-03-2021','DD-MM-YYYY'));
INSERT INTO cultura(ParcelaID, PlantaID, unidadedesignacao, quantidade, data_inicio, data_fim) VALUES (1, 83, 'ha', 0.9, TO_DATE('10-04-2021','DD-MM-YYYY'), TO_DATE('12-08-2021','DD-MM-YYYY'));
INSERT INTO cultura(ParcelaID, PlantaID, unidadedesignacao, quantidade, data_inicio, data_fim) VALUES (1, 80, 'ha', 1.1, TO_DATE('03-10-2021','DD-MM-YYYY'), TO_DATE('05-04-2022','DD-MM-YYYY'));
INSERT INTO cultura(ParcelaID, PlantaID, unidadedesignacao, quantidade, data_inicio, data_fim) VALUES (1, 83, 'ha', 0.9, TO_DATE('15-04-2022','DD-MM-YYYY'), TO_DATE('21-08-2022','DD-MM-YYYY'));
INSERT INTO cultura(ParcelaID, PlantaID, unidadedesignacao, quantidade, data_inicio, data_fim) VALUES (3, 82, 'ha', 1.2, TO_DATE('05-04-2020','DD-MM-YYYY'), TO_DATE('20-08-2020','DD-MM-YYYY'));
INSERT INTO cultura(ParcelaID, PlantaID, unidadedesignacao, quantidade, data_inicio, data_fim) VALUES (3, 80, 'ha', 1.3, TO_DATE('12-10-2020','DD-MM-YYYY'), TO_DATE('15-03-2021','DD-MM-YYYY'));
INSERT INTO cultura(ParcelaID, PlantaID, unidadedesignacao, quantidade, data_inicio, data_fim) VALUES (3, 82, 'ha', 1.2, TO_DATE('03-04-2021','DD-MM-YYYY'), TO_DATE('25-08-2021','DD-MM-YYYY'));
INSERT INTO cultura(ParcelaID, PlantaID, unidadedesignacao, quantidade, data_inicio, data_fim) VALUES (3, 80, 'ha', 1.3, TO_DATE('06-10-2021','DD-MM-YYYY'), TO_DATE('19-03-2022','DD-MM-YYYY'));
INSERT INTO cultura(ParcelaID, PlantaID, unidadedesignacao, quantidade, data_inicio, data_fim) VALUES (3, 82, 'ha', 1.2, TO_DATE('08-04-2022','DD-MM-YYYY'), TO_DATE('18-08-2022','DD-MM-YYYY'));
INSERT INTO cultura(ParcelaID, PlantaID, unidadedesignacao, quantidade, data_inicio, data_fim) VALUES (3, 80, 'ha', 1.3, TO_DATE('12-10-2022','DD-MM-YYYY'), TO_DATE('20-03-2023','DD-MM-YYYY'));
INSERT INTO cultura(ParcelaID, PlantaID, unidadedesignacao, quantidade, data_inicio, data_fim) VALUES (2, 92, 'un', 30.0, TO_DATE('06-10-2016','DD-MM-YYYY'), null);
INSERT INTO cultura(ParcelaID, PlantaID, unidadedesignacao, quantidade, data_inicio, data_fim) VALUES (2, 89, 'un', 20.0, TO_DATE('10-10-2016','DD-MM-YYYY'), null);
INSERT INTO cultura(ParcelaID, PlantaID, unidadedesignacao, quantidade, data_inicio, data_fim) VALUES (6, 79, 'ha', 0.15, TO_DATE('10-03-2020','DD-MM-YYYY'), TO_DATE('15-05-2020','DD-MM-YYYY'));
INSERT INTO cultura(ParcelaID, PlantaID, unidadedesignacao, quantidade, data_inicio, data_fim) VALUES (6, 78, 'ha', 0.1, TO_DATE('02-06-2020','DD-MM-YYYY'), TO_DATE('08-09-2020','DD-MM-YYYY'));
INSERT INTO cultura(ParcelaID, PlantaID, unidadedesignacao, quantidade, data_inicio, data_fim) VALUES (6, 93, 'ha', 0.2, TO_DATE('20-09-2020','DD-MM-YYYY'), TO_DATE('10-01-2021','DD-MM-YYYY'));
INSERT INTO cultura(ParcelaID, PlantaID, unidadedesignacao, quantidade, data_inicio, data_fim) VALUES (6, 77, 'ha', 0.15, TO_DATE('10-03-2021','DD-MM-YYYY'), TO_DATE('15-05-2021','DD-MM-YYYY'));
INSERT INTO cultura(ParcelaID, PlantaID, unidadedesignacao, quantidade, data_inicio, data_fim) VALUES (6, 75, 'ha', 0.1, TO_DATE('02-06-2021','DD-MM-YYYY'), TO_DATE('08-09-2021','DD-MM-YYYY'));
INSERT INTO cultura(ParcelaID, PlantaID, unidadedesignacao, quantidade, data_inicio, data_fim) VALUES (6, 93, 'ha', 0.2, TO_DATE('20-09-2021','DD-MM-YYYY'), TO_DATE('10-01-2022','DD-MM-YYYY'));
INSERT INTO cultura(ParcelaID, PlantaID, unidadedesignacao, quantidade, data_inicio, data_fim) VALUES (6, 77, 'ha', 0.15, TO_DATE('06-03-2022','DD-MM-YYYY'), TO_DATE('16-05-2022','DD-MM-YYYY'));
INSERT INTO cultura(ParcelaID, PlantaID, unidadedesignacao, quantidade, data_inicio, data_fim) VALUES (6, 78, 'ha', 0.15, TO_DATE('30-05-2022','DD-MM-YYYY'), TO_DATE('05-09-2022','DD-MM-YYYY'));
INSERT INTO cultura(ParcelaID, PlantaID, unidadedesignacao, quantidade, data_inicio, data_fim) VALUES (6, 84, 'ha', 0.25, TO_DATE('20-09-2022','DD-MM-YYYY'), TO_DATE('14-01-2023','DD-MM-YYYY'));
INSERT INTO cultura(ParcelaID, PlantaID, unidadedesignacao, quantidade, data_inicio, data_fim) VALUES (4, 41, 'un', 90.0, TO_DATE('07-01-2017','DD-MM-YYYY'), null);
INSERT INTO cultura(ParcelaID, PlantaID, unidadedesignacao, quantidade, data_inicio, data_fim) VALUES (4, 37, 'un', 60.0, TO_DATE('08-01-2017','DD-MM-YYYY'), null);
INSERT INTO cultura(ParcelaID, PlantaID, unidadedesignacao, quantidade, data_inicio, data_fim) VALUES (4, 48, 'un', 40.0, TO_DATE('08-01-2017','DD-MM-YYYY'), null);
INSERT INTO cultura(ParcelaID, PlantaID, unidadedesignacao, quantidade, data_inicio, data_fim) VALUES (4, 48, 'un', 30.0, TO_DATE('10-12-2018','DD-MM-YYYY'), null);
INSERT INTO cultura(ParcelaID, PlantaID, unidadedesignacao, quantidade, data_inicio, data_fim) VALUES (7, 94, 'un', 500.0, TO_DATE('10-01-2018','DD-MM-YYYY'), null);
INSERT INTO cultura(ParcelaID, PlantaID, unidadedesignacao, quantidade, data_inicio, data_fim) VALUES (7, 95, 'un', 700.0, TO_DATE('11-01-2018','DD-MM-YYYY'), null);
INSERT INTO operacao(datarealizacao, cadernocampoid) VALUES (TO_DATE('06-10-2016','DD-MM-YYYY'),1);
INSERT INTO plantacao(OperacaoID, CulturaID, NumPlantas) VALUES (1,11,30.0);
INSERT INTO operacao(datarealizacao, cadernocampoid) VALUES (TO_DATE('10-10-2016','DD-MM-YYYY'),1);
INSERT INTO plantacao(OperacaoID, CulturaID, NumPlantas) VALUES (2,12,20.0);
INSERT INTO operacao(datarealizacao, cadernocampoid) VALUES (TO_DATE('07-01-2017','DD-MM-YYYY'),1);
INSERT INTO plantacao(OperacaoID, CulturaID, NumPlantas) VALUES (3,22,90.0);
INSERT INTO operacao(datarealizacao, cadernocampoid) VALUES (TO_DATE('08-01-2017','DD-MM-YYYY'),1);
INSERT INTO plantacao(OperacaoID, CulturaID, NumPlantas) VALUES (4,23,60.0);
INSERT INTO operacao(datarealizacao, cadernocampoid) VALUES (TO_DATE('08-01-2017','DD-MM-YYYY'),1);
INSERT INTO plantacao(OperacaoID, CulturaID, NumPlantas) VALUES (5,24,40.0);
INSERT INTO operacao(datarealizacao, cadernocampoid) VALUES (TO_DATE('03-07-2017','DD-MM-YYYY'),1);
INSERT INTO rega(OperacaoID, CulturaID, horainicio, duracao) VALUES (6,12,'??:??',0);
INSERT INTO operacao(datarealizacao, cadernocampoid) VALUES (TO_DATE('03-07-2017','DD-MM-YYYY'),1);
INSERT INTO rega(OperacaoID, CulturaID, horainicio, duracao) VALUES (7,11,'??:??',0);
INSERT INTO operacao(datarealizacao, cadernocampoid) VALUES (TO_DATE('10-07-2017','DD-MM-YYYY'),1);
INSERT INTO rega(OperacaoID, CulturaID, horainicio, duracao) VALUES (8,22,'??:??',0);
INSERT INTO operacao(datarealizacao, cadernocampoid) VALUES (TO_DATE('10-07-2017','DD-MM-YYYY'),1);
INSERT INTO rega(OperacaoID, CulturaID, horainicio, duracao) VALUES (9,23,'??:??',0);
INSERT INTO operacao(datarealizacao, cadernocampoid) VALUES (TO_DATE('10-07-2017','DD-MM-YYYY'),1);
INSERT INTO rega(OperacaoID, CulturaID, horainicio, duracao) VALUES (10,24,'??:??',0);
INSERT INTO operacao(datarealizacao, cadernocampoid) VALUES (TO_DATE('10-08-2017','DD-MM-YYYY'),1);
INSERT INTO rega(OperacaoID, CulturaID, horainicio, duracao) VALUES (11,12,'??:??',0);
INSERT INTO operacao(datarealizacao, cadernocampoid) VALUES (TO_DATE('10-08-2017','DD-MM-YYYY'),1);
INSERT INTO rega(OperacaoID, CulturaID, horainicio, duracao) VALUES (12,11,'??:??',0);
INSERT INTO operacao(datarealizacao, cadernocampoid) VALUES (TO_DATE('10-08-2017','DD-MM-YYYY'),1);
INSERT INTO rega(OperacaoID, CulturaID, horainicio, duracao) VALUES (13,22,'??:??',0);
INSERT INTO operacao(datarealizacao, cadernocampoid) VALUES (TO_DATE('10-08-2017','DD-MM-YYYY'),1);
INSERT INTO rega(OperacaoID, CulturaID, horainicio, duracao) VALUES (14,23,'??:??',0);
INSERT INTO operacao(datarealizacao, cadernocampoid) VALUES (TO_DATE('10-08-2017','DD-MM-YYYY'),1);
INSERT INTO rega(OperacaoID, CulturaID, horainicio, duracao) VALUES (15,24,'??:??',0);
INSERT INTO operacao(datarealizacao, cadernocampoid) VALUES (TO_DATE('10-09-2017','DD-MM-YYYY'),1);
INSERT INTO rega(OperacaoID, CulturaID, horainicio, duracao) VALUES (16,22,'??:??',0);
INSERT INTO operacao(datarealizacao, cadernocampoid) VALUES (TO_DATE('10-09-2017','DD-MM-YYYY'),1);
INSERT INTO rega(OperacaoID, CulturaID, horainicio, duracao) VALUES (17,23,'??:??',0);
INSERT INTO operacao(datarealizacao, cadernocampoid) VALUES (TO_DATE('10-09-2017','DD-MM-YYYY'),1);
INSERT INTO rega(OperacaoID, CulturaID, horainicio, duracao) VALUES (18,24,'??:??',0);
INSERT INTO operacao(datarealizacao, cadernocampoid) VALUES (TO_DATE('04-11-2017','DD-MM-YYYY'),1);
INSERT INTO poda(OperacaoID, Quantidade, UnidadeQuantidade, CulturaID) VALUES (19,30.0,'un',11);
INSERT INTO operacao(datarealizacao, cadernocampoid) VALUES (TO_DATE('04-11-2017','DD-MM-YYYY'),1);
INSERT INTO poda(OperacaoID, Quantidade, UnidadeQuantidade, CulturaID) VALUES (20,20.0,'un',12);
INSERT INTO operacao(datarealizacao, cadernocampoid) VALUES (TO_DATE('10-12-2017','DD-MM-YYYY'),1);
INSERT INTO aplicacaofator(OperacaoID) VALUES (21);
INSERT INTO aplicacaofator_fatorproducao(OperacaoID, FatorProducaoID, Quantidade, Unidadedesignacao) VALUES (21,3,15.0,'kg');
INSERT INTO afcultura(AplicacaoFatorOperacaoID, CulturaID, ModoAFatorID) VALUES (21,11,1);
INSERT INTO operacao(datarealizacao, cadernocampoid) VALUES (TO_DATE('10-12-2017','DD-MM-YYYY'),1);
INSERT INTO aplicacaofator(OperacaoID) VALUES (22);
INSERT INTO aplicacaofator_fatorproducao(OperacaoID, FatorProducaoID, Quantidade, Unidadedesignacao) VALUES (22,3,10.0,'kg');
INSERT INTO afcultura(AplicacaoFatorOperacaoID, CulturaID, ModoAFatorID) VALUES (22,12,1);
INSERT INTO operacao(datarealizacao, cadernocampoid) VALUES (TO_DATE('07-01-2018','DD-MM-YYYY'),1);
INSERT INTO poda(OperacaoID, Quantidade, UnidadeQuantidade, CulturaID) VALUES (23,90.0,'un',22);
INSERT INTO operacao(datarealizacao, cadernocampoid) VALUES (TO_DATE('08-01-2018','DD-MM-YYYY'),1);
INSERT INTO poda(OperacaoID, Quantidade, UnidadeQuantidade, CulturaID) VALUES (24,60.0,'un',23);
INSERT INTO operacao(datarealizacao, cadernocampoid) VALUES (TO_DATE('08-01-2018','DD-MM-YYYY'),1);
INSERT INTO poda(OperacaoID, Quantidade, UnidadeQuantidade, CulturaID) VALUES (25,40.0,'un',24);
INSERT INTO operacao(datarealizacao, cadernocampoid) VALUES (TO_DATE('10-01-2018','DD-MM-YYYY'),1);
INSERT INTO plantacao(OperacaoID, CulturaID, NumPlantas) VALUES (26,26,500.0);
INSERT INTO operacao(datarealizacao, cadernocampoid) VALUES (TO_DATE('11-01-2018','DD-MM-YYYY'),1);
INSERT INTO plantacao(OperacaoID, CulturaID, NumPlantas) VALUES (27,27,700.0);
INSERT INTO operacao(datarealizacao, cadernocampoid) VALUES (TO_DATE('06-02-2018','DD-MM-YYYY'),1);
INSERT INTO aplicacaofator(OperacaoID) VALUES (28);
INSERT INTO aplicacaofator_fatorproducao(OperacaoID, FatorProducaoID, Quantidade, Unidadedesignacao) VALUES (28,4,10.0,'kg');
INSERT INTO afcultura(AplicacaoFatorOperacaoID, CulturaID, ModoAFatorID) VALUES (28,22,1);
INSERT INTO operacao(datarealizacao, cadernocampoid) VALUES (TO_DATE('06-02-2018','DD-MM-YYYY'),1);
INSERT INTO aplicacaofator(OperacaoID) VALUES (29);
INSERT INTO aplicacaofator_fatorproducao(OperacaoID, FatorProducaoID, Quantidade, Unidadedesignacao) VALUES (29,4,6.0,'kg');
INSERT INTO afcultura(AplicacaoFatorOperacaoID, CulturaID, ModoAFatorID) VALUES (29,23,1);
INSERT INTO operacao(datarealizacao, cadernocampoid) VALUES (TO_DATE('06-02-2018','DD-MM-YYYY'),1);
INSERT INTO aplicacaofator(OperacaoID) VALUES (30);
INSERT INTO aplicacaofator_fatorproducao(OperacaoID, FatorProducaoID, Quantidade, Unidadedesignacao) VALUES (30,4,5.0,'kg');
INSERT INTO afcultura(AplicacaoFatorOperacaoID, CulturaID, ModoAFatorID) VALUES (30,24,1);
INSERT INTO operacao(datarealizacao, cadernocampoid) VALUES (TO_DATE('03-07-2018','DD-MM-YYYY'),1);
INSERT INTO rega(OperacaoID, CulturaID, horainicio, duracao) VALUES (31,12,'??:??',0);
INSERT INTO operacao(datarealizacao, cadernocampoid) VALUES (TO_DATE('03-07-2018','DD-MM-YYYY'),1);
INSERT INTO rega(OperacaoID, CulturaID, horainicio, duracao) VALUES (32,11,'??:??',0);
INSERT INTO operacao(datarealizacao, cadernocampoid) VALUES (TO_DATE('10-07-2018','DD-MM-YYYY'),1);
INSERT INTO rega(OperacaoID, CulturaID, horainicio, duracao) VALUES (33,22,'??:??',0);
INSERT INTO operacao(datarealizacao, cadernocampoid) VALUES (TO_DATE('10-07-2018','DD-MM-YYYY'),1);
INSERT INTO rega(OperacaoID, CulturaID, horainicio, duracao) VALUES (34,23,'??:??',0);
INSERT INTO operacao(datarealizacao, cadernocampoid) VALUES (TO_DATE('10-07-2018','DD-MM-YYYY'),1);
INSERT INTO rega(OperacaoID, CulturaID, horainicio, duracao) VALUES (35,24,'??:??',0);
INSERT INTO operacao(datarealizacao, cadernocampoid) VALUES (TO_DATE('10-07-2018','DD-MM-YYYY'),1);
INSERT INTO rega(OperacaoID, CulturaID, horainicio, duracao) VALUES (36,26,'??:??',0);
INSERT INTO operacao(datarealizacao, cadernocampoid) VALUES (TO_DATE('10-07-2018','DD-MM-YYYY'),1);
INSERT INTO rega(OperacaoID, CulturaID, horainicio, duracao) VALUES (37,27,'??:??',0);
INSERT INTO operacao(datarealizacao, cadernocampoid) VALUES (TO_DATE('10-08-2018','DD-MM-YYYY'),1);
INSERT INTO rega(OperacaoID, CulturaID, horainicio, duracao) VALUES (38,12,'??:??',0);
INSERT INTO operacao(datarealizacao, cadernocampoid) VALUES (TO_DATE('10-08-2018','DD-MM-YYYY'),1);
INSERT INTO rega(OperacaoID, CulturaID, horainicio, duracao) VALUES (39,11,'??:??',0);
INSERT INTO operacao(datarealizacao, cadernocampoid) VALUES (TO_DATE('10-08-2018','DD-MM-YYYY'),1);
INSERT INTO rega(OperacaoID, CulturaID, horainicio, duracao) VALUES (40,22,'??:??',0);
INSERT INTO operacao(datarealizacao, cadernocampoid) VALUES (TO_DATE('10-08-2018','DD-MM-YYYY'),1);
INSERT INTO rega(OperacaoID, CulturaID, horainicio, duracao) VALUES (41,23,'??:??',0);
INSERT INTO operacao(datarealizacao, cadernocampoid) VALUES (TO_DATE('10-08-2018','DD-MM-YYYY'),1);
INSERT INTO rega(OperacaoID, CulturaID, horainicio, duracao) VALUES (42,24,'??:??',0);
INSERT INTO operacao(datarealizacao, cadernocampoid) VALUES (TO_DATE('11-08-2018','DD-MM-YYYY'),1);
INSERT INTO rega(OperacaoID, CulturaID, horainicio, duracao) VALUES (43,26,'??:??',0);
INSERT INTO operacao(datarealizacao, cadernocampoid) VALUES (TO_DATE('11-08-2018','DD-MM-YYYY'),1);
INSERT INTO rega(OperacaoID, CulturaID, horainicio, duracao) VALUES (44,27,'??:??',0);
INSERT INTO operacao(datarealizacao, cadernocampoid) VALUES (TO_DATE('02-09-2018','DD-MM-YYYY'),1);
INSERT INTO rega(OperacaoID, CulturaID, horainicio, duracao) VALUES (45,22,'??:??',0);
INSERT INTO operacao(datarealizacao, cadernocampoid) VALUES (TO_DATE('02-09-2018','DD-MM-YYYY'),1);
INSERT INTO rega(OperacaoID, CulturaID, horainicio, duracao) VALUES (46,23,'??:??',0);
INSERT INTO operacao(datarealizacao, cadernocampoid) VALUES (TO_DATE('02-09-2018','DD-MM-YYYY'),1);
INSERT INTO rega(OperacaoID, CulturaID, horainicio, duracao) VALUES (47,24,'??:??',0);
INSERT INTO operacao(datarealizacao, cadernocampoid) VALUES (TO_DATE('10-09-2018','DD-MM-YYYY'),1);
INSERT INTO rega(OperacaoID, CulturaID, horainicio, duracao) VALUES (48,22,'??:??',0);
INSERT INTO operacao(datarealizacao, cadernocampoid) VALUES (TO_DATE('10-09-2018','DD-MM-YYYY'),1);
INSERT INTO rega(OperacaoID, CulturaID, horainicio, duracao) VALUES (49,23,'??:??',0);
INSERT INTO operacao(datarealizacao, cadernocampoid) VALUES (TO_DATE('10-09-2018','DD-MM-YYYY'),1);
INSERT INTO rega(OperacaoID, CulturaID, horainicio, duracao) VALUES (50,24,'??:??',0);
INSERT INTO operacao(datarealizacao, cadernocampoid) VALUES (TO_DATE('17-11-2018','DD-MM-YYYY'),1);
INSERT INTO poda(OperacaoID, Quantidade, UnidadeQuantidade, CulturaID) VALUES (51,30.0,'un',11);
INSERT INTO operacao(datarealizacao, cadernocampoid) VALUES (TO_DATE('17-11-2018','DD-MM-YYYY'),1);
INSERT INTO poda(OperacaoID, Quantidade, UnidadeQuantidade, CulturaID) VALUES (52,20.0,'un',12);
INSERT INTO operacao(datarealizacao, cadernocampoid) VALUES (TO_DATE('10-12-2018','DD-MM-YYYY'),1);
INSERT INTO plantacao(OperacaoID, CulturaID, NumPlantas) VALUES (53,24,30.0);
INSERT INTO operacao(datarealizacao, cadernocampoid) VALUES (TO_DATE('16-12-2018','DD-MM-YYYY'),1);
INSERT INTO poda(OperacaoID, Quantidade, UnidadeQuantidade, CulturaID) VALUES (54,500.0,'un',26);
INSERT INTO operacao(datarealizacao, cadernocampoid) VALUES (TO_DATE('18-12-2018','DD-MM-YYYY'),1);
INSERT INTO poda(OperacaoID, Quantidade, UnidadeQuantidade, CulturaID) VALUES (55,700.0,'un',27);
INSERT INTO operacao(datarealizacao, cadernocampoid) VALUES (TO_DATE('07-01-2019','DD-MM-YYYY'),1);
INSERT INTO poda(OperacaoID, Quantidade, UnidadeQuantidade, CulturaID) VALUES (56,90.0,'un',22);
INSERT INTO operacao(datarealizacao, cadernocampoid) VALUES (TO_DATE('08-01-2019','DD-MM-YYYY'),1);
INSERT INTO poda(OperacaoID, Quantidade, UnidadeQuantidade, CulturaID) VALUES (57,60.0,'un',23);
INSERT INTO operacao(datarealizacao, cadernocampoid) VALUES (TO_DATE('08-01-2019','DD-MM-YYYY'),1);
INSERT INTO poda(OperacaoID, Quantidade, UnidadeQuantidade, CulturaID) VALUES (58,40.0,'un',24);
INSERT INTO operacao(datarealizacao, cadernocampoid) VALUES (TO_DATE('20-01-2019','DD-MM-YYYY'),1);
INSERT INTO aplicacaofator(OperacaoID) VALUES (59);
INSERT INTO aplicacaofator_fatorproducao(OperacaoID, FatorProducaoID, Quantidade, Unidadedesignacao) VALUES (59,1,2.0,'kg');
INSERT INTO afcultura(AplicacaoFatorOperacaoID, CulturaID, ModoAFatorID) VALUES (59,26,3);
INSERT INTO operacao(datarealizacao, cadernocampoid) VALUES (TO_DATE('20-01-2019','DD-MM-YYYY'),1);
INSERT INTO aplicacaofator(OperacaoID) VALUES (60);
INSERT INTO aplicacaofator_fatorproducao(OperacaoID, FatorProducaoID, Quantidade, Unidadedesignacao) VALUES (60,1,2.5,'kg');
INSERT INTO afcultura(AplicacaoFatorOperacaoID, CulturaID, ModoAFatorID) VALUES (60,27,3);
INSERT INTO operacao(datarealizacao, cadernocampoid) VALUES (TO_DATE('06-02-2019','DD-MM-YYYY'),1);
INSERT INTO aplicacaofator(OperacaoID) VALUES (61);
INSERT INTO aplicacaofator_fatorproducao(OperacaoID, FatorProducaoID, Quantidade, Unidadedesignacao) VALUES (61,4,10.0,'kg');
INSERT INTO afcultura(AplicacaoFatorOperacaoID, CulturaID, ModoAFatorID) VALUES (61,22,1);
INSERT INTO operacao(datarealizacao, cadernocampoid) VALUES (TO_DATE('06-02-2019','DD-MM-YYYY'),1);
INSERT INTO aplicacaofator(OperacaoID) VALUES (62);
INSERT INTO aplicacaofator_fatorproducao(OperacaoID, FatorProducaoID, Quantidade, Unidadedesignacao) VALUES (62,4,5.0,'kg');
INSERT INTO afcultura(AplicacaoFatorOperacaoID, CulturaID, ModoAFatorID) VALUES (62,23,1);
INSERT INTO operacao(datarealizacao, cadernocampoid) VALUES (TO_DATE('06-02-2019','DD-MM-YYYY'),1);
INSERT INTO aplicacaofator(OperacaoID) VALUES (63);
INSERT INTO aplicacaofator_fatorproducao(OperacaoID, FatorProducaoID, Quantidade, Unidadedesignacao) VALUES (63,4,7.0,'kg');
INSERT INTO afcultura(AplicacaoFatorOperacaoID, CulturaID, ModoAFatorID) VALUES (63,24,1);
INSERT INTO operacao(datarealizacao, cadernocampoid) VALUES (TO_DATE('03-07-2019','DD-MM-YYYY'),1);
INSERT INTO rega(OperacaoID, CulturaID, horainicio, duracao) VALUES (64,12,'??:??',0);
INSERT INTO operacao(datarealizacao, cadernocampoid) VALUES (TO_DATE('03-07-2019','DD-MM-YYYY'),1);
INSERT INTO rega(OperacaoID, CulturaID, horainicio, duracao) VALUES (65,11,'??:??',0);
INSERT INTO operacao(datarealizacao, cadernocampoid) VALUES (TO_DATE('03-07-2019','DD-MM-YYYY'),1);
INSERT INTO rega(OperacaoID, CulturaID, horainicio, duracao) VALUES (66,22,'??:??',0);
INSERT INTO operacao(datarealizacao, cadernocampoid) VALUES (TO_DATE('03-07-2019','DD-MM-YYYY'),1);
INSERT INTO rega(OperacaoID, CulturaID, horainicio, duracao) VALUES (67,23,'??:??',0);
INSERT INTO operacao(datarealizacao, cadernocampoid) VALUES (TO_DATE('03-07-2019','DD-MM-YYYY'),1);
INSERT INTO rega(OperacaoID, CulturaID, horainicio, duracao) VALUES (68,24,'??:??',0);
INSERT INTO operacao(datarealizacao, cadernocampoid) VALUES (TO_DATE('03-07-2019','DD-MM-YYYY'),1);
INSERT INTO rega(OperacaoID, CulturaID, horainicio, duracao) VALUES (69,25,'??:??',0);
INSERT INTO operacao(datarealizacao, cadernocampoid) VALUES (TO_DATE('10-07-2019','DD-MM-YYYY'),1);
INSERT INTO rega(OperacaoID, CulturaID, horainicio, duracao) VALUES (70,26,'??:??',0);
INSERT INTO operacao(datarealizacao, cadernocampoid) VALUES (TO_DATE('10-07-2019','DD-MM-YYYY'),1);
INSERT INTO rega(OperacaoID, CulturaID, horainicio, duracao) VALUES (71,27,'??:??',0);
INSERT INTO operacao(datarealizacao, cadernocampoid) VALUES (TO_DATE('10-08-2019','DD-MM-YYYY'),1);
INSERT INTO rega(OperacaoID, CulturaID, horainicio, duracao) VALUES (72,12,'??:??',0);
INSERT INTO operacao(datarealizacao, cadernocampoid) VALUES (TO_DATE('10-08-2019','DD-MM-YYYY'),1);
INSERT INTO rega(OperacaoID, CulturaID, horainicio, duracao) VALUES (73,11,'??:??',0);
INSERT INTO operacao(datarealizacao, cadernocampoid) VALUES (TO_DATE('10-08-2019','DD-MM-YYYY'),1);
INSERT INTO rega(OperacaoID, CulturaID, horainicio, duracao) VALUES (74,22,'??:??',0);
INSERT INTO operacao(datarealizacao, cadernocampoid) VALUES (TO_DATE('10-08-2019','DD-MM-YYYY'),1);
INSERT INTO rega(OperacaoID, CulturaID, horainicio, duracao) VALUES (75,23,'??:??',0);
INSERT INTO operacao(datarealizacao, cadernocampoid) VALUES (TO_DATE('10-08-2019','DD-MM-YYYY'),1);
INSERT INTO rega(OperacaoID, CulturaID, horainicio, duracao) VALUES (76,24,'??:??',0);
INSERT INTO operacao(datarealizacao, cadernocampoid) VALUES (TO_DATE('10-08-2019','DD-MM-YYYY'),1);
INSERT INTO rega(OperacaoID, CulturaID, horainicio, duracao) VALUES (77,25,'??:??',0);
INSERT INTO operacao(datarealizacao, cadernocampoid) VALUES (TO_DATE('11-08-2019','DD-MM-YYYY'),1);
INSERT INTO rega(OperacaoID, CulturaID, horainicio, duracao) VALUES (78,26,'??:??',0);
INSERT INTO operacao(datarealizacao, cadernocampoid) VALUES (TO_DATE('11-08-2019','DD-MM-YYYY'),1);
INSERT INTO rega(OperacaoID, CulturaID, horainicio, duracao) VALUES (79,27,'??:??',0);
INSERT INTO operacao(datarealizacao, cadernocampoid) VALUES (TO_DATE('15-11-2019','DD-MM-YYYY'),1);
INSERT INTO poda(OperacaoID, Quantidade, UnidadeQuantidade, CulturaID) VALUES (80,30.0,'un',11);
INSERT INTO operacao(datarealizacao, cadernocampoid) VALUES (TO_DATE('15-11-2019','DD-MM-YYYY'),1);
INSERT INTO poda(OperacaoID, Quantidade, UnidadeQuantidade, CulturaID) VALUES (81,20.0,'un',12);
INSERT INTO operacao(datarealizacao, cadernocampoid) VALUES (TO_DATE('16-12-2019','DD-MM-YYYY'),1);
INSERT INTO poda(OperacaoID, Quantidade, UnidadeQuantidade, CulturaID) VALUES (82,500.0,'un',26);
INSERT INTO operacao(datarealizacao, cadernocampoid) VALUES (TO_DATE('18-12-2019','DD-MM-YYYY'),1);
INSERT INTO poda(OperacaoID, Quantidade, UnidadeQuantidade, CulturaID) VALUES (83,700.0,'un',27);
INSERT INTO operacao(datarealizacao, cadernocampoid) VALUES (TO_DATE('20-01-2020','DD-MM-YYYY'),1);
INSERT INTO aplicacaofator(OperacaoID) VALUES (84);
INSERT INTO aplicacaofator_fatorproducao(OperacaoID, FatorProducaoID, Quantidade, Unidadedesignacao) VALUES (84,1,2.0,'kg');
INSERT INTO afcultura(AplicacaoFatorOperacaoID, CulturaID, ModoAFatorID) VALUES (84,26,3);
INSERT INTO operacao(datarealizacao, cadernocampoid) VALUES (TO_DATE('20-01-2020','DD-MM-YYYY'),1);
INSERT INTO aplicacaofator(OperacaoID) VALUES (85);
INSERT INTO aplicacaofator_fatorproducao(OperacaoID, FatorProducaoID, Quantidade, Unidadedesignacao) VALUES (85,1,2.5,'kg');
INSERT INTO afcultura(AplicacaoFatorOperacaoID, CulturaID, ModoAFatorID) VALUES (85,27,3);
INSERT INTO operacao(datarealizacao, cadernocampoid) VALUES (TO_DATE('12-03-2020','DD-MM-YYYY'),1);
INSERT INTO semeadura(OperacaoID, CulturaID, QuantidadeSemente, UnidadeSemente) VALUES (86,13,0.9,'kg');
INSERT INTO operacao(datarealizacao, cadernocampoid) VALUES (TO_DATE('30-03-2020','DD-MM-YYYY'),1);
INSERT INTO aplicacaofator(OperacaoID) VALUES (87);
INSERT INTO aplicacaofator_fatorproducao(OperacaoID, FatorProducaoID, Quantidade, Unidadedesignacao) VALUES (87,8,600.0,'kg');
INSERT INTO afparcela(AplicacaoFatorOperacaoID,ParcelaID,Area,UnidadeDesignacao) VALUES (87,3,1,'ha');
INSERT INTO operacao(datarealizacao, cadernocampoid) VALUES (TO_DATE('05-04-2020','DD-MM-YYYY'),1);
INSERT INTO semeadura(OperacaoID, CulturaID, QuantidadeSemente, UnidadeSemente) VALUES (88,5,1.2,'ha');
INSERT INTO operacao(datarealizacao, cadernocampoid) VALUES (TO_DATE('05-05-2020','DD-MM-YYYY'),1);
INSERT INTO colheita (OperacaoID, ProdutoID, Quantidade, CulturaID, Unidadedesignacao) VALUES (89,79,2200.0,13,'kg');
INSERT INTO operacao(datarealizacao, cadernocampoid) VALUES (TO_DATE('15-05-2020','DD-MM-YYYY'),1);
INSERT INTO colheita (OperacaoID, ProdutoID, Quantidade, CulturaID, Unidadedesignacao) VALUES (90,79,1400.0,13,'kg');
INSERT INTO operacao(datarealizacao, cadernocampoid) VALUES (TO_DATE('02-06-2020','DD-MM-YYYY'),1);
INSERT INTO semeadura(OperacaoID, CulturaID, QuantidadeSemente, UnidadeSemente) VALUES (91,14,0.6,'kg');
INSERT INTO operacao(datarealizacao, cadernocampoid) VALUES (TO_DATE('03-07-2020','DD-MM-YYYY'),1);
INSERT INTO rega(OperacaoID, CulturaID, horainicio, duracao) VALUES (92,12,'??:??',0);
INSERT INTO operacao(datarealizacao, cadernocampoid) VALUES (TO_DATE('03-07-2020','DD-MM-YYYY'),1);
INSERT INTO rega(OperacaoID, CulturaID, horainicio, duracao) VALUES (93,11,'??:??',0);
INSERT INTO operacao(datarealizacao, cadernocampoid) VALUES (TO_DATE('10-07-2020','DD-MM-YYYY'),1);
INSERT INTO rega(OperacaoID, CulturaID, horainicio, duracao) VALUES (94,26,'??:??',0);
INSERT INTO operacao(datarealizacao, cadernocampoid) VALUES (TO_DATE('10-07-2020','DD-MM-YYYY'),1);
INSERT INTO rega(OperacaoID, CulturaID, horainicio, duracao) VALUES (95,27,'??:??',0);
INSERT INTO operacao(datarealizacao, cadernocampoid) VALUES (TO_DATE('12-07-2020','DD-MM-YYYY'),1);
INSERT INTO rega(OperacaoID, CulturaID, horainicio, duracao) VALUES (96,5,'??:??',0);
INSERT INTO operacao(datarealizacao, cadernocampoid) VALUES (TO_DATE('15-07-2020','DD-MM-YYYY'),1);
INSERT INTO rega(OperacaoID, CulturaID, horainicio, duracao) VALUES (97,14,'??:??',0);
INSERT INTO operacao(datarealizacao, cadernocampoid) VALUES (TO_DATE('28-07-2020','DD-MM-YYYY'),1);
INSERT INTO rega(OperacaoID, CulturaID, horainicio, duracao) VALUES (98,5,'??:??',0);
INSERT INTO operacao(datarealizacao, cadernocampoid) VALUES (TO_DATE('10-08-2020','DD-MM-YYYY'),1);
INSERT INTO rega(OperacaoID, CulturaID, horainicio, duracao) VALUES (99,12,'??:??',0);
INSERT INTO operacao(datarealizacao, cadernocampoid) VALUES (TO_DATE('10-08-2020','DD-MM-YYYY'),1);
INSERT INTO rega(OperacaoID, CulturaID, horainicio, duracao) VALUES (100,11,'??:??',0);
INSERT INTO operacao(datarealizacao, cadernocampoid) VALUES (TO_DATE('10-08-2020','DD-MM-YYYY'),1);
INSERT INTO rega(OperacaoID, CulturaID, horainicio, duracao) VALUES (101,5,'??:??',0);
INSERT INTO operacao(datarealizacao, cadernocampoid) VALUES (TO_DATE('11-08-2020','DD-MM-YYYY'),1);
INSERT INTO rega(OperacaoID, CulturaID, horainicio, duracao) VALUES (102,26,'??:??',0);
INSERT INTO operacao(datarealizacao, cadernocampoid) VALUES (TO_DATE('11-08-2020','DD-MM-YYYY'),1);
INSERT INTO rega(OperacaoID, CulturaID, horainicio, duracao) VALUES (103,27,'??:??',0);
INSERT INTO operacao(datarealizacao, cadernocampoid) VALUES (TO_DATE('12-08-2020','DD-MM-YYYY'),1);
INSERT INTO rega(OperacaoID, CulturaID, horainicio, duracao) VALUES (104,14,'??:??',0);
INSERT INTO operacao(datarealizacao, cadernocampoid) VALUES (TO_DATE('20-08-2020','DD-MM-YYYY'),1);
INSERT INTO colheita (OperacaoID, ProdutoID, Quantidade, CulturaID, Unidadedesignacao) VALUES (105,82,3300.0,5,'kg');
INSERT INTO operacao(datarealizacao, cadernocampoid) VALUES (TO_DATE('28-08-2020','DD-MM-YYYY'),1);
INSERT INTO colheita (OperacaoID, ProdutoID, Quantidade, CulturaID, Unidadedesignacao) VALUES (106,78,600.0,14,'kg');
INSERT INTO operacao(datarealizacao, cadernocampoid) VALUES (TO_DATE('07-09-2020','DD-MM-YYYY'),1);
INSERT INTO colheita (OperacaoID, ProdutoID, Quantidade, CulturaID, Unidadedesignacao) VALUES (107,78,1800.0,14,'kg');
INSERT INTO operacao(datarealizacao, cadernocampoid) VALUES (TO_DATE('20-09-2020','DD-MM-YYYY'),1);
INSERT INTO semeadura(OperacaoID, CulturaID, QuantidadeSemente, UnidadeSemente) VALUES (108,15,0.6,'kg');
INSERT INTO operacao(datarealizacao, cadernocampoid) VALUES (TO_DATE('10-10-2020','DD-MM-YYYY'),1);
INSERT INTO semeadura(OperacaoID, CulturaID, QuantidadeSemente, UnidadeSemente) VALUES (109,1,36.0,'kg');
INSERT INTO operacao(datarealizacao, cadernocampoid) VALUES (TO_DATE('12-10-2020','DD-MM-YYYY'),1);
INSERT INTO semeadura(OperacaoID, CulturaID, QuantidadeSemente, UnidadeSemente) VALUES (110,6,1.3,'ha');
INSERT INTO operacao(datarealizacao, cadernocampoid) VALUES (TO_DATE('10-11-2020','DD-MM-YYYY'),1);
INSERT INTO poda(OperacaoID, Quantidade, UnidadeQuantidade, CulturaID) VALUES (111,30.0,'un',11);
INSERT INTO operacao(datarealizacao, cadernocampoid) VALUES (TO_DATE('10-11-2020','DD-MM-YYYY'),1);
INSERT INTO poda(OperacaoID, Quantidade, UnidadeQuantidade, CulturaID) VALUES (112,20.0,'un',12);
INSERT INTO operacao(datarealizacao, cadernocampoid) VALUES (TO_DATE('15-11-2020','DD-MM-YYYY'),1);
INSERT INTO colheita (OperacaoID, ProdutoID, Quantidade, CulturaID, Unidadedesignacao) VALUES (113,93,600.0,15,'kg');
INSERT INTO operacao(datarealizacao, cadernocampoid) VALUES (TO_DATE('05-12-2020','DD-MM-YYYY'),1);
INSERT INTO poda(OperacaoID, Quantidade, UnidadeQuantidade, CulturaID) VALUES (114,70.0,'un',24);
INSERT INTO operacao(datarealizacao, cadernocampoid) VALUES (TO_DATE('05-12-2020','DD-MM-YYYY'),1);
INSERT INTO poda(OperacaoID, Quantidade, UnidadeQuantidade, CulturaID) VALUES (115,50.0,'un',22);
INSERT INTO operacao(datarealizacao, cadernocampoid) VALUES (TO_DATE('10-12-2020','DD-MM-YYYY'),1);
INSERT INTO aplicacaofator(OperacaoID) VALUES (116);
INSERT INTO aplicacaofator_fatorproducao(OperacaoID, FatorProducaoID, Quantidade, Unidadedesignacao) VALUES (116,3,10.0,'kg');
INSERT INTO afcultura(AplicacaoFatorOperacaoID, CulturaID, ModoAFatorID) VALUES (116,11,1);
INSERT INTO operacao(datarealizacao, cadernocampoid) VALUES (TO_DATE('10-12-2020','DD-MM-YYYY'),1);
INSERT INTO aplicacaofator(OperacaoID) VALUES (117);
INSERT INTO aplicacaofator_fatorproducao(OperacaoID, FatorProducaoID, Quantidade, Unidadedesignacao) VALUES (117,3,7.0,'kg');
INSERT INTO afcultura(AplicacaoFatorOperacaoID, CulturaID, ModoAFatorID) VALUES (117,12,1);
INSERT INTO operacao(datarealizacao, cadernocampoid) VALUES (TO_DATE('15-12-2020','DD-MM-YYYY'),1);
INSERT INTO poda(OperacaoID, Quantidade, UnidadeQuantidade, CulturaID) VALUES (118,40.0,'un',22);
INSERT INTO operacao(datarealizacao, cadernocampoid) VALUES (TO_DATE('15-12-2020','DD-MM-YYYY'),1);
INSERT INTO poda(OperacaoID, Quantidade, UnidadeQuantidade, CulturaID) VALUES (119,60.0,'un',23);
INSERT INTO operacao(datarealizacao, cadernocampoid) VALUES (TO_DATE('16-12-2020','DD-MM-YYYY'),1);
INSERT INTO poda(OperacaoID, Quantidade, UnidadeQuantidade, CulturaID) VALUES (120,500.0,'un',26);
INSERT INTO operacao(datarealizacao, cadernocampoid) VALUES (TO_DATE('18-12-2020','DD-MM-YYYY'),1);
INSERT INTO colheita (OperacaoID, ProdutoID, Quantidade, CulturaID, Unidadedesignacao) VALUES (121,93,2500.0,15,'kg');
INSERT INTO operacao(datarealizacao, cadernocampoid) VALUES (TO_DATE('18-12-2020','DD-MM-YYYY'),1);
INSERT INTO poda(OperacaoID, Quantidade, UnidadeQuantidade, CulturaID) VALUES (122,700.0,'un',27);
INSERT INTO operacao(datarealizacao, cadernocampoid) VALUES (TO_DATE('04-01-2021','DD-MM-YYYY'),1);
INSERT INTO colheita (OperacaoID, ProdutoID, Quantidade, CulturaID, Unidadedesignacao) VALUES (123,93,2900.0,15,'kg');
INSERT INTO operacao(datarealizacao, cadernocampoid) VALUES (TO_DATE('20-01-2021','DD-MM-YYYY'),1);
INSERT INTO aplicacaofator(OperacaoID) VALUES (124);
INSERT INTO aplicacaofator_fatorproducao(OperacaoID, FatorProducaoID, Quantidade, Unidadedesignacao) VALUES (124,1,2.0,'kg');
INSERT INTO afcultura(AplicacaoFatorOperacaoID, CulturaID, ModoAFatorID) VALUES (124,26,3);
INSERT INTO operacao(datarealizacao, cadernocampoid) VALUES (TO_DATE('20-01-2021','DD-MM-YYYY'),1);
INSERT INTO aplicacaofator(OperacaoID) VALUES (125);
INSERT INTO aplicacaofator_fatorproducao(OperacaoID, FatorProducaoID, Quantidade, Unidadedesignacao) VALUES (125,1,2.5,'kg');
INSERT INTO afcultura(AplicacaoFatorOperacaoID, CulturaID, ModoAFatorID) VALUES (125,27,3);
INSERT INTO operacao(datarealizacao, cadernocampoid) VALUES (TO_DATE('10-03-2021','DD-MM-YYYY'),1);
INSERT INTO semeadura(OperacaoID, CulturaID, QuantidadeSemente, UnidadeSemente) VALUES (126,16,0.9,'kg');
INSERT INTO operacao(datarealizacao, cadernocampoid) VALUES (TO_DATE('14-03-2021','DD-MM-YYYY'),1);
INSERT INTO IncorporacaoSolo(OperacaoID, quantidade, Unidadedesignacao, CulturaID) VALUES (127,1.3,'ha',6);
INSERT INTO operacao(datarealizacao, cadernocampoid) VALUES (TO_DATE('30-03-2021','DD-MM-YYYY'),1);
INSERT INTO IncorporacaoSolo(OperacaoID, quantidade, Unidadedesignacao, CulturaID) VALUES (128,1.3,'ha',1);
INSERT INTO operacao(datarealizacao, cadernocampoid) VALUES (TO_DATE('03-04-2021','DD-MM-YYYY'),1);
INSERT INTO semeadura(OperacaoID, CulturaID, QuantidadeSemente, UnidadeSemente) VALUES (129,5,1.2,'ha');
INSERT INTO operacao(datarealizacao, cadernocampoid) VALUES (TO_DATE('15-04-2021','DD-MM-YYYY'),1);
INSERT INTO semeadura(OperacaoID, CulturaID, QuantidadeSemente, UnidadeSemente) VALUES (130,2,30.0,'kg');
INSERT INTO operacao(datarealizacao, cadernocampoid) VALUES (TO_DATE('02-05-2021','DD-MM-YYYY'),1);
INSERT INTO aplicacaofator(OperacaoID) VALUES (131);
INSERT INTO aplicacaofator_fatorproducao(OperacaoID, FatorProducaoID, Quantidade, Unidadedesignacao) VALUES (131,5,10.0,'kg');
INSERT INTO afcultura(AplicacaoFatorOperacaoID, CulturaID, ModoAFatorID) VALUES (131,22,2);
INSERT INTO operacao(datarealizacao, cadernocampoid) VALUES (TO_DATE('02-05-2021','DD-MM-YYYY'),1);
INSERT INTO aplicacaofator(OperacaoID) VALUES (132);
INSERT INTO aplicacaofator_fatorproducao(OperacaoID, FatorProducaoID, Quantidade, Unidadedesignacao) VALUES (132,5,10.0,'kg');
INSERT INTO afcultura(AplicacaoFatorOperacaoID, CulturaID, ModoAFatorID) VALUES (132,23,2);
INSERT INTO operacao(datarealizacao, cadernocampoid) VALUES (TO_DATE('02-05-2021','DD-MM-YYYY'),1);
INSERT INTO aplicacaofator(OperacaoID) VALUES (133);
INSERT INTO aplicacaofator_fatorproducao(OperacaoID, FatorProducaoID, Quantidade, Unidadedesignacao) VALUES (133,5,10.0,'kg');
INSERT INTO afcultura(AplicacaoFatorOperacaoID, CulturaID, ModoAFatorID) VALUES (133,24,2);
INSERT INTO operacao(datarealizacao, cadernocampoid) VALUES (TO_DATE('02-05-2021','DD-MM-YYYY'),1);
INSERT INTO aplicacaofator(OperacaoID) VALUES (134);
INSERT INTO aplicacaofator_fatorproducao(OperacaoID, FatorProducaoID, Quantidade, Unidadedesignacao) VALUES (134,5,10.0,'kg');
INSERT INTO afcultura(AplicacaoFatorOperacaoID, CulturaID, ModoAFatorID) VALUES (134,25,2);
INSERT INTO operacao(datarealizacao, cadernocampoid) VALUES (TO_DATE('05-05-2021','DD-MM-YYYY'),1);
INSERT INTO colheita (OperacaoID, ProdutoID, Quantidade, CulturaID, Unidadedesignacao) VALUES (135,77,2200.0,16,'kg');
INSERT INTO operacao(datarealizacao, cadernocampoid) VALUES (TO_DATE('15-05-2021','DD-MM-YYYY'),1);
INSERT INTO colheita (OperacaoID, ProdutoID, Quantidade, CulturaID, Unidadedesignacao) VALUES (136,77,1400.0,16,'kg');
INSERT INTO operacao(datarealizacao, cadernocampoid) VALUES (TO_DATE('02-06-2021','DD-MM-YYYY'),1);
INSERT INTO semeadura(OperacaoID, CulturaID, QuantidadeSemente, UnidadeSemente) VALUES (137,17,0.6,'kg');
INSERT INTO operacao(datarealizacao, cadernocampoid) VALUES (TO_DATE('20-06-2021','DD-MM-YYYY'),1);
INSERT INTO rega(OperacaoID, CulturaID, horainicio, duracao) VALUES (138,17,'??:??',0);
INSERT INTO operacao(datarealizacao, cadernocampoid) VALUES (TO_DATE('03-07-2021','DD-MM-YYYY'),1);
INSERT INTO rega(OperacaoID, CulturaID, horainicio, duracao) VALUES (139,12,'??:??',0);
INSERT INTO operacao(datarealizacao, cadernocampoid) VALUES (TO_DATE('03-07-2021','DD-MM-YYYY'),1);
INSERT INTO rega(OperacaoID, CulturaID, horainicio, duracao) VALUES (140,11,'??:??',0);
INSERT INTO operacao(datarealizacao, cadernocampoid) VALUES (TO_DATE('05-07-2021','DD-MM-YYYY'),1);
INSERT INTO rega(OperacaoID, CulturaID, horainicio, duracao) VALUES (141,22,'??:??',0);
INSERT INTO operacao(datarealizacao, cadernocampoid) VALUES (TO_DATE('05-07-2021','DD-MM-YYYY'),1);
INSERT INTO rega(OperacaoID, CulturaID, horainicio, duracao) VALUES (142,23,'??:??',0);
INSERT INTO operacao(datarealizacao, cadernocampoid) VALUES (TO_DATE('05-07-2021','DD-MM-YYYY'),1);
INSERT INTO rega(OperacaoID, CulturaID, horainicio, duracao) VALUES (143,24,'??:??',0);
INSERT INTO operacao(datarealizacao, cadernocampoid) VALUES (TO_DATE('05-07-2021','DD-MM-YYYY'),1);
INSERT INTO rega(OperacaoID, CulturaID, horainicio, duracao) VALUES (144,25,'??:??',0);
INSERT INTO operacao(datarealizacao, cadernocampoid) VALUES (TO_DATE('07-07-2021','DD-MM-YYYY'),1);
INSERT INTO rega(OperacaoID, CulturaID, horainicio, duracao) VALUES (145,17,'??:??',0);
INSERT INTO operacao(datarealizacao, cadernocampoid) VALUES (TO_DATE('10-07-2021','DD-MM-YYYY'),1);
INSERT INTO rega(OperacaoID, CulturaID, horainicio, duracao) VALUES (146,26,'??:??',0);
INSERT INTO operacao(datarealizacao, cadernocampoid) VALUES (TO_DATE('10-07-2021','DD-MM-YYYY'),1);
INSERT INTO rega(OperacaoID, CulturaID, horainicio, duracao) VALUES (147,27,'??:??',0);
INSERT INTO operacao(datarealizacao, cadernocampoid) VALUES (TO_DATE('12-07-2021','DD-MM-YYYY'),1);
INSERT INTO rega(OperacaoID, CulturaID, horainicio, duracao) VALUES (148,5,'??:??',0);
INSERT INTO operacao(datarealizacao, cadernocampoid) VALUES (TO_DATE('15-07-2021','DD-MM-YYYY'),1);
INSERT INTO colheita (OperacaoID, ProdutoID, Quantidade, CulturaID, Unidadedesignacao) VALUES (149,94,300.0,26,'kg');
INSERT INTO operacao(datarealizacao, cadernocampoid) VALUES (TO_DATE('20-07-2021','DD-MM-YYYY'),1);
INSERT INTO colheita (OperacaoID, ProdutoID, Quantidade, CulturaID, Unidadedesignacao) VALUES (150,94,400.0,26,'kg');
INSERT INTO operacao(datarealizacao, cadernocampoid) VALUES (TO_DATE('24-07-2021','DD-MM-YYYY'),1);
INSERT INTO rega(OperacaoID, CulturaID, horainicio, duracao) VALUES (151,5,'??:??',0);
INSERT INTO operacao(datarealizacao, cadernocampoid) VALUES (TO_DATE('30-07-2021','DD-MM-YYYY'),1);
INSERT INTO rega(OperacaoID, CulturaID, horainicio, duracao) VALUES (152,22,'??:??',0);
INSERT INTO operacao(datarealizacao, cadernocampoid) VALUES (TO_DATE('30-07-2021','DD-MM-YYYY'),1);
INSERT INTO rega(OperacaoID, CulturaID, horainicio, duracao) VALUES (153,23,'??:??',0);
INSERT INTO operacao(datarealizacao, cadernocampoid) VALUES (TO_DATE('30-07-2021','DD-MM-YYYY'),1);
INSERT INTO rega(OperacaoID, CulturaID, horainicio, duracao) VALUES (154,24,'??:??',0);
INSERT INTO operacao(datarealizacao, cadernocampoid) VALUES (TO_DATE('30-07-2021','DD-MM-YYYY'),1);
INSERT INTO rega(OperacaoID, CulturaID, horainicio, duracao) VALUES (155,25,'??:??',0);
INSERT INTO operacao(datarealizacao, cadernocampoid) VALUES (TO_DATE('30-07-2021','DD-MM-YYYY'),1);
INSERT INTO rega(OperacaoID, CulturaID, horainicio, duracao) VALUES (156,17,'??:??',0);
INSERT INTO operacao(datarealizacao, cadernocampoid) VALUES (TO_DATE('07-08-2021','DD-MM-YYYY'),1);
INSERT INTO rega(OperacaoID, CulturaID, horainicio, duracao) VALUES (157,5,'??:??',0);
INSERT INTO operacao(datarealizacao, cadernocampoid) VALUES (TO_DATE('10-08-2021','DD-MM-YYYY'),1);
INSERT INTO rega(OperacaoID, CulturaID, horainicio, duracao) VALUES (158,12,'??:??',0);
INSERT INTO operacao(datarealizacao, cadernocampoid) VALUES (TO_DATE('10-08-2021','DD-MM-YYYY'),1);
INSERT INTO rega(OperacaoID, CulturaID, horainicio, duracao) VALUES (159,11,'??:??',0);
INSERT INTO operacao(datarealizacao, cadernocampoid) VALUES (TO_DATE('12-08-2021','DD-MM-YYYY'),1);
INSERT INTO colheita (OperacaoID, ProdutoID, Quantidade, CulturaID, Unidadedesignacao) VALUES (160,83,3300.0,2,'kg');
INSERT INTO operacao(datarealizacao, cadernocampoid) VALUES (TO_DATE('17-08-2021','DD-MM-YYYY'),1);
INSERT INTO rega(OperacaoID, CulturaID, horainicio, duracao) VALUES (161,17,'??:??',0);
INSERT INTO operacao(datarealizacao, cadernocampoid) VALUES (TO_DATE('24-08-2021','DD-MM-YYYY'),1);
INSERT INTO colheita (OperacaoID, ProdutoID, Quantidade, CulturaID, Unidadedesignacao) VALUES (162,48,900.0,24,'kg');
INSERT INTO operacao(datarealizacao, cadernocampoid) VALUES (TO_DATE('25-08-2021','DD-MM-YYYY'),1);
INSERT INTO colheita (OperacaoID, ProdutoID, Quantidade, CulturaID, Unidadedesignacao) VALUES (163,82,3300.0,5,'kg');
INSERT INTO operacao(datarealizacao, cadernocampoid) VALUES (TO_DATE('28-08-2021','DD-MM-YYYY'),1);
INSERT INTO colheita (OperacaoID, ProdutoID, Quantidade, CulturaID, Unidadedesignacao) VALUES (164,75,600.0,17,'kg');
INSERT INTO operacao(datarealizacao, cadernocampoid) VALUES (TO_DATE('05-09-2021','DD-MM-YYYY'),1);
INSERT INTO colheita (OperacaoID, ProdutoID, Quantidade, CulturaID, Unidadedesignacao) VALUES (165,48,800.0,24,'kg');
INSERT INTO operacao(datarealizacao, cadernocampoid) VALUES (TO_DATE('07-09-2021','DD-MM-YYYY'),1);
INSERT INTO colheita (OperacaoID, ProdutoID, Quantidade, CulturaID, Unidadedesignacao) VALUES (166,75,1800.0,17,'kg');
INSERT INTO operacao(datarealizacao, cadernocampoid) VALUES (TO_DATE('12-09-2021','DD-MM-YYYY'),1);
INSERT INTO colheita (OperacaoID, ProdutoID, Quantidade, CulturaID, Unidadedesignacao) VALUES (167,41,800.0,22,'kg');
INSERT INTO operacao(datarealizacao, cadernocampoid) VALUES (TO_DATE('20-09-2021','DD-MM-YYYY'),1);
INSERT INTO semeadura(OperacaoID, CulturaID, QuantidadeSemente, UnidadeSemente) VALUES (168,15,0.6,'kg');
INSERT INTO operacao(datarealizacao, cadernocampoid) VALUES (TO_DATE('23-09-2021','DD-MM-YYYY'),1);
INSERT INTO colheita (OperacaoID, ProdutoID, Quantidade, CulturaID, Unidadedesignacao) VALUES (169,41,1200.0,22,'kg');
INSERT INTO operacao(datarealizacao, cadernocampoid) VALUES (TO_DATE('03-10-2021','DD-MM-YYYY'),1);
INSERT INTO semeadura(OperacaoID, CulturaID, QuantidadeSemente, UnidadeSemente) VALUES (170,1,36.0,'un');
INSERT INTO operacao(datarealizacao, cadernocampoid) VALUES (TO_DATE('06-10-2021','DD-MM-YYYY'),1);
INSERT INTO semeadura(OperacaoID, CulturaID, QuantidadeSemente, UnidadeSemente) VALUES (171,6,1.3,'ha');
INSERT INTO operacao(datarealizacao, cadernocampoid) VALUES (TO_DATE('12-10-2021','DD-MM-YYYY'),1);
INSERT INTO colheita (OperacaoID, ProdutoID, Quantidade, CulturaID, Unidadedesignacao) VALUES (172,37,950.0,23,'kg');
INSERT INTO operacao(datarealizacao, cadernocampoid) VALUES (TO_DATE('03-11-2021','DD-MM-YYYY'),1);
INSERT INTO colheita (OperacaoID, ProdutoID, Quantidade, CulturaID, Unidadedesignacao) VALUES (173,37,750.0,23,'kg');
INSERT INTO operacao(datarealizacao, cadernocampoid) VALUES (TO_DATE('10-11-2021','DD-MM-YYYY'),1);
INSERT INTO colheita (OperacaoID, ProdutoID, Quantidade, CulturaID, Unidadedesignacao) VALUES (174,92,210.0,11,'kg');
INSERT INTO operacao(datarealizacao, cadernocampoid) VALUES (TO_DATE('10-11-2021','DD-MM-YYYY'),1);
INSERT INTO colheita (OperacaoID, ProdutoID, Quantidade, CulturaID, Unidadedesignacao) VALUES (175,89,120.0,12,'kg');
INSERT INTO operacao(datarealizacao, cadernocampoid) VALUES (TO_DATE('15-11-2021','DD-MM-YYYY'),1);
INSERT INTO colheita (OperacaoID, ProdutoID, Quantidade, CulturaID, Unidadedesignacao) VALUES (176,93,600.0,15,'kg');
INSERT INTO operacao(datarealizacao, cadernocampoid) VALUES (TO_DATE('17-11-2021','DD-MM-YYYY'),1);
INSERT INTO poda(OperacaoID, Quantidade, UnidadeQuantidade, CulturaID) VALUES (177,30.0,'un',11);
INSERT INTO operacao(datarealizacao, cadernocampoid) VALUES (TO_DATE('17-11-2021','DD-MM-YYYY'),1);
INSERT INTO poda(OperacaoID, Quantidade, UnidadeQuantidade, CulturaID) VALUES (178,20.0,'un',12);
INSERT INTO operacao(datarealizacao, cadernocampoid) VALUES (TO_DATE('28-11-2021','DD-MM-YYYY'),1);
INSERT INTO poda(OperacaoID, Quantidade, UnidadeQuantidade, CulturaID) VALUES (179,70.0,'un',24);
INSERT INTO operacao(datarealizacao, cadernocampoid) VALUES (TO_DATE('03-12-2021','DD-MM-YYYY'),1);
INSERT INTO poda(OperacaoID, Quantidade, UnidadeQuantidade, CulturaID) VALUES (180,90.0,'un',22);
INSERT INTO operacao(datarealizacao, cadernocampoid) VALUES (TO_DATE('16-12-2021','DD-MM-YYYY'),1);
INSERT INTO poda(OperacaoID, Quantidade, UnidadeQuantidade, CulturaID) VALUES (181,500.0,'un',26);
INSERT INTO operacao(datarealizacao, cadernocampoid) VALUES (TO_DATE('18-12-2021','DD-MM-YYYY'),1);
INSERT INTO poda(OperacaoID, Quantidade, UnidadeQuantidade, CulturaID) VALUES (182,60.0,'un',23);
INSERT INTO operacao(datarealizacao, cadernocampoid) VALUES (TO_DATE('18-12-2021','DD-MM-YYYY'),1);
INSERT INTO colheita (OperacaoID, ProdutoID, Quantidade, CulturaID, Unidadedesignacao) VALUES (183,93,2500.0,15,'kg');
INSERT INTO operacao(datarealizacao, cadernocampoid) VALUES (TO_DATE('18-12-2021','DD-MM-YYYY'),1);
INSERT INTO poda(OperacaoID, Quantidade, UnidadeQuantidade, CulturaID) VALUES (184,700.0,'un',27);
INSERT INTO operacao(datarealizacao, cadernocampoid) VALUES (TO_DATE('04-01-2022','DD-MM-YYYY'),1);
INSERT INTO colheita (OperacaoID, ProdutoID, Quantidade, CulturaID, Unidadedesignacao) VALUES (185,93,2900.0,15,'kg');
INSERT INTO operacao(datarealizacao, cadernocampoid) VALUES (TO_DATE('20-01-2022','DD-MM-YYYY'),1);
INSERT INTO aplicacaofator(OperacaoID) VALUES (186);
INSERT INTO aplicacaofator_fatorproducao(OperacaoID, FatorProducaoID, Quantidade, Unidadedesignacao) VALUES (186,1,3.0,'kg');
INSERT INTO afcultura(AplicacaoFatorOperacaoID, CulturaID, ModoAFatorID) VALUES (186,26,3);
INSERT INTO operacao(datarealizacao, cadernocampoid) VALUES (TO_DATE('20-01-2022','DD-MM-YYYY'),1);
INSERT INTO aplicacaofator(OperacaoID) VALUES (187);
INSERT INTO aplicacaofator_fatorproducao(OperacaoID, FatorProducaoID, Quantidade, Unidadedesignacao) VALUES (187,1,3.5,'kg');
INSERT INTO afcultura(AplicacaoFatorOperacaoID, CulturaID, ModoAFatorID) VALUES (187,27,3);
INSERT INTO operacao(datarealizacao, cadernocampoid) VALUES (TO_DATE('06-03-2022','DD-MM-YYYY'),1);
INSERT INTO semeadura(OperacaoID, CulturaID, QuantidadeSemente, UnidadeSemente) VALUES (188,16,0.9,'kg');
INSERT INTO operacao(datarealizacao, cadernocampoid) VALUES (TO_DATE('19-03-2022','DD-MM-YYYY'),1);
INSERT INTO IncorporacaoSolo(OperacaoID, quantidade, Unidadedesignacao, CulturaID) VALUES (189,1.3,'ha',6);
INSERT INTO operacao(datarealizacao, cadernocampoid) VALUES (TO_DATE('05-04-2022','DD-MM-YYYY'),1);
INSERT INTO IncorporacaoSolo(OperacaoID, quantidade, Unidadedesignacao, CulturaID) VALUES (190,1.3,'ha',1);
INSERT INTO operacao(datarealizacao, cadernocampoid) VALUES (TO_DATE('08-04-2022','DD-MM-YYYY'),1);
INSERT INTO semeadura(OperacaoID, CulturaID, QuantidadeSemente, UnidadeSemente) VALUES (191,5,1.2,'ha');
INSERT INTO operacao(datarealizacao, cadernocampoid) VALUES (TO_DATE('15-04-2022','DD-MM-YYYY'),1);
INSERT INTO semeadura(OperacaoID, CulturaID, QuantidadeSemente, UnidadeSemente) VALUES (192,2,30.0,'kg');
INSERT INTO operacao(datarealizacao, cadernocampoid) VALUES (TO_DATE('05-05-2022','DD-MM-YYYY'),1);
INSERT INTO colheita (OperacaoID, ProdutoID, Quantidade, CulturaID, Unidadedesignacao) VALUES (193,77,2250.0,16,'kg');
INSERT INTO operacao(datarealizacao, cadernocampoid) VALUES (TO_DATE('13-05-2022','DD-MM-YYYY'),1);
INSERT INTO aplicacaofator(OperacaoID) VALUES (194);
INSERT INTO aplicacaofator_fatorproducao(OperacaoID, FatorProducaoID, Quantidade, Unidadedesignacao) VALUES (194,5,10.0,'kg');
INSERT INTO afcultura(AplicacaoFatorOperacaoID, CulturaID, ModoAFatorID) VALUES (194,22,2);
INSERT INTO operacao(datarealizacao, cadernocampoid) VALUES (TO_DATE('13-05-2022','DD-MM-YYYY'),1);
INSERT INTO aplicacaofator(OperacaoID) VALUES (195);
INSERT INTO aplicacaofator_fatorproducao(OperacaoID, FatorProducaoID, Quantidade, Unidadedesignacao) VALUES (195,5,10.0,'kg');
INSERT INTO afcultura(AplicacaoFatorOperacaoID, CulturaID, ModoAFatorID) VALUES (195,23,2);
INSERT INTO operacao(datarealizacao, cadernocampoid) VALUES (TO_DATE('13-05-2022','DD-MM-YYYY'),1);
INSERT INTO aplicacaofator(OperacaoID) VALUES (196);
INSERT INTO aplicacaofator_fatorproducao(OperacaoID, FatorProducaoID, Quantidade, Unidadedesignacao) VALUES (196,5,10.0,'kg');
INSERT INTO afcultura(AplicacaoFatorOperacaoID, CulturaID, ModoAFatorID) VALUES (196,24,2);
INSERT INTO operacao(datarealizacao, cadernocampoid) VALUES (TO_DATE('13-05-2022','DD-MM-YYYY'),1);
INSERT INTO aplicacaofator(OperacaoID) VALUES (197);
INSERT INTO aplicacaofator_fatorproducao(OperacaoID, FatorProducaoID, Quantidade, Unidadedesignacao) VALUES (197,5,10.0,'kg');
INSERT INTO afcultura(AplicacaoFatorOperacaoID, CulturaID, ModoAFatorID) VALUES (197,25,2);
INSERT INTO operacao(datarealizacao, cadernocampoid) VALUES (TO_DATE('15-05-2022','DD-MM-YYYY'),1);
INSERT INTO colheita (OperacaoID, ProdutoID, Quantidade, CulturaID, Unidadedesignacao) VALUES (198,77,1300.0,16,'kg');
INSERT INTO operacao(datarealizacao, cadernocampoid) VALUES (TO_DATE('30-05-2022','DD-MM-YYYY'),1);
INSERT INTO semeadura(OperacaoID, CulturaID, QuantidadeSemente, UnidadeSemente) VALUES (199,14,0.6,'kg');
INSERT INTO operacao(datarealizacao, cadernocampoid) VALUES (TO_DATE('05-06-2022','DD-MM-YYYY'),1);
INSERT INTO rega(OperacaoID, CulturaID, horainicio, duracao) VALUES (200,22,'??:??',0);
INSERT INTO operacao(datarealizacao, cadernocampoid) VALUES (TO_DATE('05-06-2022','DD-MM-YYYY'),1);
INSERT INTO rega(OperacaoID, CulturaID, horainicio, duracao) VALUES (201,23,'??:??',0);
INSERT INTO operacao(datarealizacao, cadernocampoid) VALUES (TO_DATE('05-06-2022','DD-MM-YYYY'),1);
INSERT INTO rega(OperacaoID, CulturaID, horainicio, duracao) VALUES (202,24,'??:??',0);
INSERT INTO operacao(datarealizacao, cadernocampoid) VALUES (TO_DATE('05-06-2022','DD-MM-YYYY'),1);
INSERT INTO rega(OperacaoID, CulturaID, horainicio, duracao) VALUES (203,25,'??:??',0);
INSERT INTO operacao(datarealizacao, cadernocampoid) VALUES (TO_DATE('30-06-2022','DD-MM-YYYY'),1);
INSERT INTO rega(OperacaoID, CulturaID, horainicio, duracao) VALUES (204,14,'??:??',0);
INSERT INTO operacao(datarealizacao, cadernocampoid) VALUES (TO_DATE('02-07-2022','DD-MM-YYYY'),1);
INSERT INTO rega(OperacaoID, CulturaID, horainicio, duracao) VALUES (205,22,'??:??',0);
INSERT INTO operacao(datarealizacao, cadernocampoid) VALUES (TO_DATE('02-07-2022','DD-MM-YYYY'),1);
INSERT INTO rega(OperacaoID, CulturaID, horainicio, duracao) VALUES (206,23,'??:??',0);
INSERT INTO operacao(datarealizacao, cadernocampoid) VALUES (TO_DATE('02-07-2022','DD-MM-YYYY'),1);
INSERT INTO rega(OperacaoID, CulturaID, horainicio, duracao) VALUES (207,24,'??:??',0);
INSERT INTO operacao(datarealizacao, cadernocampoid) VALUES (TO_DATE('02-07-2022','DD-MM-YYYY'),1);
INSERT INTO rega(OperacaoID, CulturaID, horainicio, duracao) VALUES (208,25,'??:??',0);
INSERT INTO operacao(datarealizacao, cadernocampoid) VALUES (TO_DATE('03-07-2022','DD-MM-YYYY'),1);
INSERT INTO rega(OperacaoID, CulturaID, horainicio, duracao) VALUES (209,12,'??:??',0);
INSERT INTO operacao(datarealizacao, cadernocampoid) VALUES (TO_DATE('03-07-2022','DD-MM-YYYY'),1);
INSERT INTO rega(OperacaoID, CulturaID, horainicio, duracao) VALUES (210,11,'??:??',0);
INSERT INTO operacao(datarealizacao, cadernocampoid) VALUES (TO_DATE('10-07-2022','DD-MM-YYYY'),1);
INSERT INTO rega(OperacaoID, CulturaID, horainicio, duracao) VALUES (211,27,'??:??',0);
INSERT INTO operacao(datarealizacao, cadernocampoid) VALUES (TO_DATE('12-07-2022','DD-MM-YYYY'),1);
INSERT INTO rega(OperacaoID, CulturaID, horainicio, duracao) VALUES (212,5,'??:??',0);
INSERT INTO operacao(datarealizacao, cadernocampoid) VALUES (TO_DATE('15-07-2022','DD-MM-YYYY'),1);
INSERT INTO rega(OperacaoID, CulturaID, horainicio, duracao) VALUES (213,14,'??:??',0);
INSERT INTO operacao(datarealizacao, cadernocampoid) VALUES (TO_DATE('15-07-2022','DD-MM-YYYY'),1);
INSERT INTO colheita (OperacaoID, ProdutoID, Quantidade, CulturaID, Unidadedesignacao) VALUES (214,94,600.0,26,'kg');
INSERT INTO operacao(datarealizacao, cadernocampoid) VALUES (TO_DATE('20-07-2022','DD-MM-YYYY'),1);
INSERT INTO colheita (OperacaoID, ProdutoID, Quantidade, CulturaID, Unidadedesignacao) VALUES (215,94,500.0,26,'kg');
INSERT INTO operacao(datarealizacao, cadernocampoid) VALUES (TO_DATE('24-07-2022','DD-MM-YYYY'),1);
INSERT INTO rega(OperacaoID, CulturaID, horainicio, duracao) VALUES (216,5,'??:??',0);
INSERT INTO operacao(datarealizacao, cadernocampoid) VALUES (TO_DATE('30-07-2022','DD-MM-YYYY'),1);
INSERT INTO rega(OperacaoID, CulturaID, horainicio, duracao) VALUES (217,22,'??:??',0);
INSERT INTO operacao(datarealizacao, cadernocampoid) VALUES (TO_DATE('30-07-2022','DD-MM-YYYY'),1);
INSERT INTO rega(OperacaoID, CulturaID, horainicio, duracao) VALUES (218,23,'??:??',0);
INSERT INTO operacao(datarealizacao, cadernocampoid) VALUES (TO_DATE('30-07-2022','DD-MM-YYYY'),1);
INSERT INTO rega(OperacaoID, CulturaID, horainicio, duracao) VALUES (219,24,'??:??',0);
INSERT INTO operacao(datarealizacao, cadernocampoid) VALUES (TO_DATE('30-07-2022','DD-MM-YYYY'),1);
INSERT INTO rega(OperacaoID, CulturaID, horainicio, duracao) VALUES (220,25,'??:??',0);
INSERT INTO operacao(datarealizacao, cadernocampoid) VALUES (TO_DATE('30-07-2022','DD-MM-YYYY'),1);
INSERT INTO rega(OperacaoID, CulturaID, horainicio, duracao) VALUES (221,14,'??:??',0);
INSERT INTO operacao(datarealizacao, cadernocampoid) VALUES (TO_DATE('07-08-2022','DD-MM-YYYY'),1);
INSERT INTO rega(OperacaoID, CulturaID, horainicio, duracao) VALUES (222,5,'??:??',0);
INSERT INTO operacao(datarealizacao, cadernocampoid) VALUES (TO_DATE('10-08-2022','DD-MM-YYYY'),1);
INSERT INTO rega(OperacaoID, CulturaID, horainicio, duracao) VALUES (223,12,'??:??',0);
INSERT INTO operacao(datarealizacao, cadernocampoid) VALUES (TO_DATE('10-08-2022','DD-MM-YYYY'),1);
INSERT INTO rega(OperacaoID, CulturaID, horainicio, duracao) VALUES (224,11,'??:??',0);
INSERT INTO operacao(datarealizacao, cadernocampoid) VALUES (TO_DATE('12-08-2022','DD-MM-YYYY'),1);
INSERT INTO colheita (OperacaoID, ProdutoID, Quantidade, CulturaID, Unidadedesignacao) VALUES (225,95,1200.0,27,'kg');
INSERT INTO operacao(datarealizacao, cadernocampoid) VALUES (TO_DATE('12-08-2022','DD-MM-YYYY'),1);
INSERT INTO colheita (OperacaoID, ProdutoID, Quantidade, CulturaID, Unidadedesignacao) VALUES (226,95,600.0,27,'kg');
INSERT INTO operacao(datarealizacao, cadernocampoid) VALUES (TO_DATE('17-08-2022','DD-MM-YYYY'),1);
INSERT INTO colheita (OperacaoID, ProdutoID, Quantidade, CulturaID, Unidadedesignacao) VALUES (227,83,3500.0,2,'kg');
INSERT INTO operacao(datarealizacao, cadernocampoid) VALUES (TO_DATE('17-08-2022','DD-MM-YYYY'),1);
INSERT INTO rega(OperacaoID, CulturaID, horainicio, duracao) VALUES (228,14,'??:??',0);
INSERT INTO operacao(datarealizacao, cadernocampoid) VALUES (TO_DATE('18-08-2022','DD-MM-YYYY'),1);
INSERT INTO colheita (OperacaoID, ProdutoID, Quantidade, CulturaID, Unidadedesignacao) VALUES (229,82,3300.0,5,'kg');
INSERT INTO operacao(datarealizacao, cadernocampoid) VALUES (TO_DATE('20-08-2022','DD-MM-YYYY'),1);
INSERT INTO colheita (OperacaoID, ProdutoID, Quantidade, CulturaID, Unidadedesignacao) VALUES (230,48,950.0,24,'kg');
INSERT INTO operacao(datarealizacao, cadernocampoid) VALUES (TO_DATE('24-08-2022','DD-MM-YYYY'),1);
INSERT INTO colheita (OperacaoID, ProdutoID, Quantidade, CulturaID, Unidadedesignacao) VALUES (231,78,650.0,14,'kg');
INSERT INTO operacao(datarealizacao, cadernocampoid) VALUES (TO_DATE('05-09-2022','DD-MM-YYYY'),1);
INSERT INTO colheita (OperacaoID, ProdutoID, Quantidade, CulturaID, Unidadedesignacao) VALUES (232,78,1900.0,14,'kg');
INSERT INTO operacao(datarealizacao, cadernocampoid) VALUES (TO_DATE('07-09-2022','DD-MM-YYYY'),1);
INSERT INTO colheita (OperacaoID, ProdutoID, Quantidade, CulturaID, Unidadedesignacao) VALUES (233,48,830.0,24,'kg');
INSERT INTO operacao(datarealizacao, cadernocampoid) VALUES (TO_DATE('11-09-2022','DD-MM-YYYY'),1);
INSERT INTO colheita (OperacaoID, ProdutoID, Quantidade, CulturaID, Unidadedesignacao) VALUES (234,41,750.0,22,'kg');
INSERT INTO operacao(datarealizacao, cadernocampoid) VALUES (TO_DATE('20-09-2022','DD-MM-YYYY'),1);
INSERT INTO colheita (OperacaoID, ProdutoID, Quantidade, CulturaID, Unidadedesignacao) VALUES (235,41,1150.0,22,'kg');
INSERT INTO operacao(datarealizacao, cadernocampoid) VALUES (TO_DATE('20-09-2022','DD-MM-YYYY'),1);
INSERT INTO semeadura(OperacaoID, CulturaID, QuantidadeSemente, UnidadeSemente) VALUES (236,21,0.6,'kg');
INSERT INTO operacao(datarealizacao, cadernocampoid) VALUES (TO_DATE('12-10-2022','DD-MM-YYYY'),1);
INSERT INTO semeadura(OperacaoID, CulturaID, QuantidadeSemente, UnidadeSemente) VALUES (237,6,1.3,'ha');
INSERT INTO operacao(datarealizacao, cadernocampoid) VALUES (TO_DATE('17-10-2022','DD-MM-YYYY'),1);
INSERT INTO colheita (OperacaoID, ProdutoID, Quantidade, CulturaID, Unidadedesignacao) VALUES (238,37,850.0,23,'kg');
INSERT INTO operacao(datarealizacao, cadernocampoid) VALUES (TO_DATE('06-11-2022','DD-MM-YYYY'),1);
INSERT INTO colheita (OperacaoID, ProdutoID, Quantidade, CulturaID, Unidadedesignacao) VALUES (239,37,900.0,23,'kg');
INSERT INTO operacao(datarealizacao, cadernocampoid) VALUES (TO_DATE('10-11-2022','DD-MM-YYYY'),1);
INSERT INTO poda(OperacaoID, Quantidade, UnidadeQuantidade, CulturaID) VALUES (240,30.0,'un',11);
INSERT INTO operacao(datarealizacao, cadernocampoid) VALUES (TO_DATE('10-11-2022','DD-MM-YYYY'),1);
INSERT INTO poda(OperacaoID, Quantidade, UnidadeQuantidade, CulturaID) VALUES (241,20.0,'un',12);
INSERT INTO operacao(datarealizacao, cadernocampoid) VALUES (TO_DATE('12-11-2022','DD-MM-YYYY'),1);
INSERT INTO colheita (OperacaoID, ProdutoID, Quantidade, CulturaID, Unidadedesignacao) VALUES (242,92,300.0,11,'kg');
INSERT INTO operacao(datarealizacao, cadernocampoid) VALUES (TO_DATE('12-11-2022','DD-MM-YYYY'),1);
INSERT INTO colheita (OperacaoID, ProdutoID, Quantidade, CulturaID, Unidadedesignacao) VALUES (243,89,200.0,12,'kg');
INSERT INTO operacao(datarealizacao, cadernocampoid) VALUES (TO_DATE('15-11-2022','DD-MM-YYYY'),1);
INSERT INTO colheita (OperacaoID, ProdutoID, Quantidade, CulturaID, Unidadedesignacao) VALUES (244,84,50.0,21,'kg');
INSERT INTO operacao(datarealizacao, cadernocampoid) VALUES (TO_DATE('04-12-2022','DD-MM-YYYY'),1);
INSERT INTO poda(OperacaoID, Quantidade, UnidadeQuantidade, CulturaID) VALUES (245,70.0,'un',24);
INSERT INTO operacao(datarealizacao, cadernocampoid) VALUES (TO_DATE('07-12-2022','DD-MM-YYYY'),1);
INSERT INTO poda(OperacaoID, Quantidade, UnidadeQuantidade, CulturaID) VALUES (246,90.0,'un',22);
INSERT INTO operacao(datarealizacao, cadernocampoid) VALUES (TO_DATE('11-12-2022','DD-MM-YYYY'),1);
INSERT INTO aplicacaofator(OperacaoID) VALUES (247);
INSERT INTO aplicacaofator_fatorproducao(OperacaoID, FatorProducaoID, Quantidade, Unidadedesignacao) VALUES (247,3,15.0,'kg');
INSERT INTO afcultura(AplicacaoFatorOperacaoID, CulturaID, ModoAFatorID) VALUES (247,11,1);
INSERT INTO operacao(datarealizacao, cadernocampoid) VALUES (TO_DATE('11-12-2022','DD-MM-YYYY'),1);
INSERT INTO aplicacaofator(OperacaoID) VALUES (248);
INSERT INTO aplicacaofator_fatorproducao(OperacaoID, FatorProducaoID, Quantidade, Unidadedesignacao) VALUES (248,3,10.0,'kg');
INSERT INTO afcultura(AplicacaoFatorOperacaoID, CulturaID, ModoAFatorID) VALUES (248,12,1);
INSERT INTO operacao(datarealizacao, cadernocampoid) VALUES (TO_DATE('16-12-2022','DD-MM-YYYY'),1);
INSERT INTO poda(OperacaoID, Quantidade, UnidadeQuantidade, CulturaID) VALUES (249,500.0,'un',26);
INSERT INTO operacao(datarealizacao, cadernocampoid) VALUES (TO_DATE('18-12-2022','DD-MM-YYYY'),1);
INSERT INTO colheita (OperacaoID, ProdutoID, Quantidade, CulturaID, Unidadedesignacao) VALUES (250,84,200.0,21,'kg');
INSERT INTO operacao(datarealizacao, cadernocampoid) VALUES (TO_DATE('18-12-2022','DD-MM-YYYY'),1);
INSERT INTO poda(OperacaoID, Quantidade, UnidadeQuantidade, CulturaID) VALUES (251,700.0,'un',27);
INSERT INTO operacao(datarealizacao, cadernocampoid) VALUES (TO_DATE('12-01-2023','DD-MM-YYYY'),1);
INSERT INTO poda(OperacaoID, Quantidade, UnidadeQuantidade, CulturaID) VALUES (252,60.0,'un',23);
INSERT INTO operacao(datarealizacao, cadernocampoid) VALUES (TO_DATE('14-01-2023','DD-MM-YYYY'),1);
INSERT INTO colheita (OperacaoID, ProdutoID, Quantidade, CulturaID, Unidadedesignacao) VALUES (253,84,250.0,21,'kg');
INSERT INTO operacao(datarealizacao, cadernocampoid) VALUES (TO_DATE('20-01-2023','DD-MM-YYYY'),1);
INSERT INTO aplicacaofator(OperacaoID) VALUES (254);
INSERT INTO aplicacaofator_fatorproducao(OperacaoID, FatorProducaoID, Quantidade, Unidadedesignacao) VALUES (254,1,4.0,'kg');
INSERT INTO afcultura(AplicacaoFatorOperacaoID, CulturaID, ModoAFatorID) VALUES (254,26,3);
INSERT INTO operacao(datarealizacao, cadernocampoid) VALUES (TO_DATE('20-01-2023','DD-MM-YYYY'),1);
INSERT INTO aplicacaofator(OperacaoID) VALUES (255);
INSERT INTO aplicacaofator_fatorproducao(OperacaoID, FatorProducaoID, Quantidade, Unidadedesignacao) VALUES (255,1,5.0,'kg');
INSERT INTO afcultura(AplicacaoFatorOperacaoID, CulturaID, ModoAFatorID) VALUES (255,27,3);
INSERT INTO operacao(datarealizacao, cadernocampoid) VALUES (TO_DATE('20-03-2023','DD-MM-YYYY'),1);
INSERT INTO IncorporacaoSolo(OperacaoID, quantidade, Unidadedesignacao, CulturaID) VALUES (256,1.3,'ha',6);
