INSERT INTO cadernocampo(nome) VALUES ('DummyData');
INSERT INTO sistemaderega(nome) VALUES ('DummyData');
INSERT INTO unidade(designacao) VALUES ('un');
INSERT INTO unidade(designacao) VALUES ('m3');
INSERT INTO unidade(designacao) VALUES ('kg');
INSERT INTO unidade(designacao) VALUES ('ha');
INSERT INTO unidade(designacao) VALUES ('m2');
INSERT INTO tipocultura(tipo) VALUES ('Temporária');
INSERT INTO tipocultura(tipo) VALUES ('Permanente');
INSERT INTO parcelaagricola(designacao, area) VALUES ('Campo da bouça', 1.2);
INSERT INTO parcelaagricola(designacao, area) VALUES ('Campo grande', 3.0);
INSERT INTO parcelaagricola(designacao, area) VALUES ('Campo do poço', 1.5);
INSERT INTO parcelaagricola(designacao, area) VALUES ('Lameiro da ponte', 0.8);
INSERT INTO parcelaagricola(designacao, area) VALUES ('Lameiro do moinho', 1.1);
INSERT INTO parcelaagricola(designacao, area) VALUES ('Horta nova', 0.3);
INSERT INTO parcelaagricola(designacao, area) VALUES ('Vinha', 2.0);
INSERT INTO cultura(nome, tipocultura,sistemaderega) VALUES ('Tremoço amarelo', 'Temporária',1);
INSERT INTO cultura(nome, tipocultura,sistemaderega) VALUES ('Milho doce golden bantam', 'Temporária',1);
INSERT INTO cultura(nome, tipocultura,sistemaderega) VALUES ('Milho mas 24.c', 'Temporária',1);
INSERT INTO cultura(nome, tipocultura,sistemaderega) VALUES ('Oliveira galega', 'Permanente',1);
INSERT INTO cultura(nome, tipocultura,sistemaderega) VALUES ('Oliveira picual', 'Permanente',1);
INSERT INTO cultura(nome, tipocultura,sistemaderega) VALUES ('Cenoura scarlet nantes', 'Temporária',1);
INSERT INTO cultura(nome, tipocultura,sistemaderega) VALUES ('Cenoura nelson hybrid', 'Temporária',1);
INSERT INTO cultura(nome, tipocultura,sistemaderega) VALUES ('Nabo s. cosme', 'Temporária',1);
INSERT INTO cultura(nome, tipocultura,sistemaderega) VALUES ('Cenoura sugarsnax hybrid', 'Temporária',1);
INSERT INTO cultura(nome, tipocultura,sistemaderega) VALUES ('Cenoura danvers half long', 'Temporária',1);
INSERT INTO cultura(nome, tipocultura,sistemaderega) VALUES ('Nabo greleiro senhora conceição', 'Temporária',1);
INSERT INTO cultura(nome, tipocultura,sistemaderega) VALUES ('Macieira jonagored', 'Permanente',1);
INSERT INTO cultura(nome, tipocultura,sistemaderega) VALUES ('Macieira fuji', 'Permanente',1);
INSERT INTO cultura(nome, tipocultura,sistemaderega) VALUES ('Macieira royal gala', 'Permanente',1);
INSERT INTO cultura(nome, tipocultura,sistemaderega) VALUES ('Videira dona maria', 'Permanente',1);
INSERT INTO cultura(nome, tipocultura,sistemaderega) VALUES ('Videira cardinal', 'Permanente',1);
INSERT INTO fatorproducao(nomecomercial, formulacao, fabricante,fatorproducaotipo) VALUES ('Calda bordalesa ascenza', 'Fitofármaco', 'Ascenza');
INSERT INTO fatorproducao(nomecomercial, formulacao, fabricante,fatorproducaotipo) VALUES ('Enxofre bayer 80 wg', 'Fitofármaco', 'Bayer');
INSERT INTO fatorproducao(nomecomercial, formulacao, fabricante,fatorproducaotipo) VALUES ('Patentkali', 'Adubo', 'K+s');
INSERT INTO fatorproducao(nomecomercial, formulacao, fabricante,fatorproducaotipo) VALUES ('Esta kieserit', 'Adubo', 'K+s');
INSERT INTO fatorproducao(nomecomercial, formulacao, fabricante,fatorproducaotipo) VALUES ('Epso microtop', 'Adubo', 'K+s');
INSERT INTO fatorproducao(nomecomercial, formulacao, fabricante,fatorproducaotipo) VALUES ('Epso top', 'Adubo', 'K+s');
INSERT INTO fatorproducao(nomecomercial, formulacao, fabricante,fatorproducaotipo) VALUES ('Biocal caco3', 'Corretor', 'Biocal');
INSERT INTO fatorproducao(nomecomercial, formulacao, fabricante,fatorproducaotipo) VALUES ('Biocal composto', 'Corretor', 'Biocal');
INSERT INTO fatorproducao(nomecomercial, formulacao, fabricante,fatorproducaotipo) VALUES ('Sonata', 'Fitofármaco', 'Bayer');
INSERT INTO fatorproducao(nomecomercial, formulacao, fabricante,fatorproducaotipo) VALUES ('Flipper ', 'Fitofármaco', 'Bayer');
INSERT INTO fatorproducao(nomecomercial, formulacao, fabricante,fatorproducaotipo) VALUES ('Requiem prime', 'Fitofármaco', 'Bayer');
INSERT INTO fichatecnica(FatorProducaoID, Nome, quantidade) VALUES (1,'Cu',0.2);
INSERT INTO fichatecnica(FatorProducaoID, Nome, quantidade) VALUES (2,'S',0.8);
INSERT INTO fichatecnica(FatorProducaoID, Nome, quantidade) VALUES (3,'K',0.249);
INSERT INTO fichatecnica(FatorProducaoID, Nome, quantidade) VALUES (3,'Mg',0.06);
INSERT INTO fichatecnica(FatorProducaoID, Nome, quantidade) VALUES (3,'S',0.176);
INSERT INTO fichatecnica(FatorProducaoID, Nome, quantidade) VALUES (4,'Mg',0.151);
INSERT INTO fichatecnica(FatorProducaoID, Nome, quantidade) VALUES (4,'S',0.208);
INSERT INTO fichatecnica(FatorProducaoID, Nome, quantidade) VALUES (5,'Mg',0.09);
INSERT INTO fichatecnica(FatorProducaoID, Nome, quantidade) VALUES (5,'S',0.124);
INSERT INTO fichatecnica(FatorProducaoID, Nome, quantidade) VALUES (5,'B',0.009);
INSERT INTO fichatecnica(FatorProducaoID, Nome, quantidade) VALUES (5,'Mn',0.01);
INSERT INTO fichatecnica(FatorProducaoID, Nome, quantidade) VALUES (6,'Mg',0.096);
INSERT INTO fichatecnica(FatorProducaoID, Nome, quantidade) VALUES (6,'S',0.13);
INSERT INTO fichatecnica(FatorProducaoID, Nome, quantidade) VALUES (7,'Caco3',0.882);
INSERT INTO fichatecnica(FatorProducaoID, Nome, quantidade) VALUES (7,'Mgco3',0.019);
INSERT INTO fichatecnica(FatorProducaoID, Nome, quantidade) VALUES (8,'Caco3',0.717);
INSERT INTO fichatecnica(FatorProducaoID, Nome, quantidade) VALUES (8,'Mgco3',0.148);
INSERT INTO fichatecnica(FatorProducaoID, Nome, quantidade) VALUES (8,'Mgo',0.079);
INSERT INTO fichatecnica(FatorProducaoID, Nome, quantidade) VALUES (9,'Bacillus pumilus',0.9774);
INSERT INTO fichatecnica(FatorProducaoID, Nome, quantidade) VALUES (10,'Ácidos gordos (na forma de sais de potássio)',0.478);
INSERT INTO fichatecnica(FatorProducaoID, Nome, quantidade) VALUES (11,'Terpenóides',0.1442);
INSERT INTO cultura_parcelaagricola(ParcelaAgricolaID, CulturaID, unidade, quantidade, data_inicio, data_fim) VALUES (1, 1, 'ha', 1.1, '10-Oct-2020', '30-Mar-2021');
INSERT INTO cultura_parcelaagricola(ParcelaAgricolaID, CulturaID, unidade, quantidade, data_inicio, data_fim) VALUES (1, 2, 'ha', 0.9, '10-Apr-2021', '12-Aug-2021');
INSERT INTO cultura_parcelaagricola(ParcelaAgricolaID, CulturaID, unidade, quantidade, data_inicio, data_fim) VALUES (1, 1, 'ha', 1.1, '03-Oct-2021', '05-Apr-2022');
INSERT INTO cultura_parcelaagricola(ParcelaAgricolaID, CulturaID, unidade, quantidade, data_inicio, data_fim) VALUES (1, 2, 'ha', 0.9, '15-Apr-2022', '21-Aug-2022');
INSERT INTO cultura_parcelaagricola(ParcelaAgricolaID, CulturaID, unidade, quantidade, data_inicio, data_fim) VALUES (3, 3, 'ha', 1.2, '05-Apr-2020', '20-Aug-2020');
INSERT INTO cultura_parcelaagricola(ParcelaAgricolaID, CulturaID, unidade, quantidade, data_inicio, data_fim) VALUES (3, 1, 'ha', 1.3, '12-Oct-2020', '15-Mar-2021');
INSERT INTO cultura_parcelaagricola(ParcelaAgricolaID, CulturaID, unidade, quantidade, data_inicio, data_fim) VALUES (3, 3, 'ha', 1.2, '03-Apr-2021', '25-Aug-2021');
INSERT INTO cultura_parcelaagricola(ParcelaAgricolaID, CulturaID, unidade, quantidade, data_inicio, data_fim) VALUES (3, 1, 'ha', 1.3, '06-Oct-2021', '19-Mar-2022');
INSERT INTO cultura_parcelaagricola(ParcelaAgricolaID, CulturaID, unidade, quantidade, data_inicio, data_fim) VALUES (3, 3, 'ha', 1.2, '08-Apr-2022', '18-Aug-2022');
INSERT INTO cultura_parcelaagricola(ParcelaAgricolaID, CulturaID, unidade, quantidade, data_inicio, data_fim) VALUES (3, 1, 'ha', 1.3, '12-Oct-2022', '20-Mar-2023');
INSERT INTO cultura_parcelaagricola(ParcelaAgricolaID, CulturaID, unidade, quantidade, data_inicio, data_fim) VALUES (2, 4, 'un', 30.0, '06-Oct-2016', null);
INSERT INTO cultura_parcelaagricola(ParcelaAgricolaID, CulturaID, unidade, quantidade, data_inicio, data_fim) VALUES (2, 5, 'un', 20.0, '10-Oct-2016', null);
INSERT INTO cultura_parcelaagricola(ParcelaAgricolaID, CulturaID, unidade, quantidade, data_inicio, data_fim) VALUES (6, 6, 'ha', 0.15, '10-Mar-2020', '15-May-2020');
INSERT INTO cultura_parcelaagricola(ParcelaAgricolaID, CulturaID, unidade, quantidade, data_inicio, data_fim) VALUES (6, 7, 'ha', 0.1, '02-Jun-2020', '08-Sep-2020');
INSERT INTO cultura_parcelaagricola(ParcelaAgricolaID, CulturaID, unidade, quantidade, data_inicio, data_fim) VALUES (6, 8, 'ha', 0.2, '20-Sep-2020', '10-Jan-2021');
INSERT INTO cultura_parcelaagricola(ParcelaAgricolaID, CulturaID, unidade, quantidade, data_inicio, data_fim) VALUES (6, 9, 'ha', 0.15, '10-Mar-2021', '15-May-2021');
INSERT INTO cultura_parcelaagricola(ParcelaAgricolaID, CulturaID, unidade, quantidade, data_inicio, data_fim) VALUES (6, 10, 'ha', 0.1, '02-Jun-2021', '08-Sep-2021');
INSERT INTO cultura_parcelaagricola(ParcelaAgricolaID, CulturaID, unidade, quantidade, data_inicio, data_fim) VALUES (6, 8, 'ha', 0.2, '20-Sep-2021', '10-Jan-2022');
INSERT INTO cultura_parcelaagricola(ParcelaAgricolaID, CulturaID, unidade, quantidade, data_inicio, data_fim) VALUES (6, 9, 'ha', 0.15, '06-Mar-2022', '16-May-2022');
INSERT INTO cultura_parcelaagricola(ParcelaAgricolaID, CulturaID, unidade, quantidade, data_inicio, data_fim) VALUES (6, 7, 'ha', 0.15, '30-May-2022', '05-Sep-2022');
INSERT INTO cultura_parcelaagricola(ParcelaAgricolaID, CulturaID, unidade, quantidade, data_inicio, data_fim) VALUES (6, 11, 'ha', 0.25, '20-Sep-2022', '14-Jan-2023');
INSERT INTO cultura_parcelaagricola(ParcelaAgricolaID, CulturaID, unidade, quantidade, data_inicio, data_fim) VALUES (4, 12, 'un', 90.0, '07-Jan-2017', null);
INSERT INTO cultura_parcelaagricola(ParcelaAgricolaID, CulturaID, unidade, quantidade, data_inicio, data_fim) VALUES (4, 13, 'un', 60.0, '08-Jan-2017', null);
INSERT INTO cultura_parcelaagricola(ParcelaAgricolaID, CulturaID, unidade, quantidade, data_inicio, data_fim) VALUES (4, 14, 'un', 40.0, '08-Jan-2017', null);
INSERT INTO cultura_parcelaagricola(ParcelaAgricolaID, CulturaID, unidade, quantidade, data_inicio, data_fim) VALUES (4, 14, 'un', 30.0, '10-Dec-2018', null);
INSERT INTO cultura_parcelaagricola(ParcelaAgricolaID, CulturaID, unidade, quantidade, data_inicio, data_fim) VALUES (7, 15, 'un', 500.0, '10-Jan-2018', null);
INSERT INTO cultura_parcelaagricola(ParcelaAgricolaID, CulturaID, unidade, quantidade, data_inicio, data_fim) VALUES (7, 16, 'un', 700.0, '11-Jan-2018', null);
INSERT INTO operacaoagricola(tipooperacaotipo, cadernocampoid, datarealizacao, quantidade, unidadedesignacao, FatorProducaoNomeComercial, cultura_parcelaagricolaid, tipofertilizacao) VALUES( 'Plantação', 1,  '10-Oct-2016',  20.0,  'un',  null, 11, null););
INSERT INTO operacaoagricola(tipooperacaotipo, cadernocampoid, datarealizacao, quantidade, unidadedesignacao, FatorProducaoNomeComercial, cultura_parcelaagricolaid, tipofertilizacao) VALUES( 'Plantação', 1,  '08-Jan-2017',  60.0,  'un',  null, 22, null););
INSERT INTO operacaoagricola(tipooperacaotipo, cadernocampoid, datarealizacao, quantidade, unidadedesignacao, FatorProducaoNomeComercial, cultura_parcelaagricolaid, tipofertilizacao) VALUES( 'Plantação', 1,  '08-Jan-2017',  40.0,  'un',  null, 22, null););
INSERT INTO operacaoagricola(tipooperacaotipo, cadernocampoid, datarealizacao, quantidade, unidadedesignacao, FatorProducaoNomeComercial, cultura_parcelaagricolaid, tipofertilizacao) VALUES( 'Rega', 1,  '03-Jul-2017',  0.4,  'm3',  null, 11, null););
INSERT INTO operacaoagricola(tipooperacaotipo, cadernocampoid, datarealizacao, quantidade, unidadedesignacao, FatorProducaoNomeComercial, cultura_parcelaagricolaid, tipofertilizacao) VALUES( 'Rega', 1,  '03-Jul-2017',  0.4,  'm3',  null, 12, null););
INSERT INTO operacaoagricola(tipooperacaotipo, cadernocampoid, datarealizacao, quantidade, unidadedesignacao, FatorProducaoNomeComercial, cultura_parcelaagricolaid, tipofertilizacao) VALUES( 'Rega', 1,  '03-Jul-2017',  0.9,  'm3',  null, 11, null););
INSERT INTO operacaoagricola(tipooperacaotipo, cadernocampoid, datarealizacao, quantidade, unidadedesignacao, FatorProducaoNomeComercial, cultura_parcelaagricolaid, tipofertilizacao) VALUES( 'Rega', 1,  '03-Jul-2017',  0.9,  'm3',  null, 12, null););
INSERT INTO operacaoagricola(tipooperacaotipo, cadernocampoid, datarealizacao, quantidade, unidadedesignacao, FatorProducaoNomeComercial, cultura_parcelaagricolaid, tipofertilizacao) VALUES( 'Rega', 1,  '10-Jul-2017',  3.0,  'm3',  null, 22, null););
INSERT INTO operacaoagricola(tipooperacaotipo, cadernocampoid, datarealizacao, quantidade, unidadedesignacao, FatorProducaoNomeComercial, cultura_parcelaagricolaid, tipofertilizacao) VALUES( 'Rega', 1,  '10-Jul-2017',  3.0,  'm3',  null, 23, null););
INSERT INTO operacaoagricola(tipooperacaotipo, cadernocampoid, datarealizacao, quantidade, unidadedesignacao, FatorProducaoNomeComercial, cultura_parcelaagricolaid, tipofertilizacao) VALUES( 'Rega', 1,  '10-Jul-2017',  3.0,  'm3',  null, 24, null););
INSERT INTO operacaoagricola(tipooperacaotipo, cadernocampoid, datarealizacao, quantidade, unidadedesignacao, FatorProducaoNomeComercial, cultura_parcelaagricolaid, tipofertilizacao) VALUES( 'Rega', 1,  '10-Aug-2017',  0.4,  'm3',  null, 11, null););
INSERT INTO operacaoagricola(tipooperacaotipo, cadernocampoid, datarealizacao, quantidade, unidadedesignacao, FatorProducaoNomeComercial, cultura_parcelaagricolaid, tipofertilizacao) VALUES( 'Rega', 1,  '10-Aug-2017',  0.4,  'm3',  null, 12, null););
INSERT INTO operacaoagricola(tipooperacaotipo, cadernocampoid, datarealizacao, quantidade, unidadedesignacao, FatorProducaoNomeComercial, cultura_parcelaagricolaid, tipofertilizacao) VALUES( 'Rega', 1,  '10-Aug-2017',  0.9,  'm3',  null, 11, null););
INSERT INTO operacaoagricola(tipooperacaotipo, cadernocampoid, datarealizacao, quantidade, unidadedesignacao, FatorProducaoNomeComercial, cultura_parcelaagricolaid, tipofertilizacao) VALUES( 'Rega', 1,  '10-Aug-2017',  0.9,  'm3',  null, 12, null););
INSERT INTO operacaoagricola(tipooperacaotipo, cadernocampoid, datarealizacao, quantidade, unidadedesignacao, FatorProducaoNomeComercial, cultura_parcelaagricolaid, tipofertilizacao) VALUES( 'Rega', 1,  '10-Aug-2017',  3.5,  'm3',  null, 22, null););
INSERT INTO operacaoagricola(tipooperacaotipo, cadernocampoid, datarealizacao, quantidade, unidadedesignacao, FatorProducaoNomeComercial, cultura_parcelaagricolaid, tipofertilizacao) VALUES( 'Rega', 1,  '10-Aug-2017',  3.5,  'm3',  null, 23, null););
INSERT INTO operacaoagricola(tipooperacaotipo, cadernocampoid, datarealizacao, quantidade, unidadedesignacao, FatorProducaoNomeComercial, cultura_parcelaagricolaid, tipofertilizacao) VALUES( 'Rega', 1,  '10-Aug-2017',  3.5,  'm3',  null, 24, null););
INSERT INTO operacaoagricola(tipooperacaotipo, cadernocampoid, datarealizacao, quantidade, unidadedesignacao, FatorProducaoNomeComercial, cultura_parcelaagricolaid, tipofertilizacao) VALUES( 'Rega', 1,  '10-Sep-2017',  3.0,  'm3',  null, 22, null););
INSERT INTO operacaoagricola(tipooperacaotipo, cadernocampoid, datarealizacao, quantidade, unidadedesignacao, FatorProducaoNomeComercial, cultura_parcelaagricolaid, tipofertilizacao) VALUES( 'Rega', 1,  '10-Sep-2017',  3.0,  'm3',  null, 23, null););
INSERT INTO operacaoagricola(tipooperacaotipo, cadernocampoid, datarealizacao, quantidade, unidadedesignacao, FatorProducaoNomeComercial, cultura_parcelaagricolaid, tipofertilizacao) VALUES( 'Rega', 1,  '10-Sep-2017',  3.0,  'm3',  null, 24, null););
INSERT INTO operacaoagricola(tipooperacaotipo, cadernocampoid, datarealizacao, quantidade, unidadedesignacao, FatorProducaoNomeComercial, cultura_parcelaagricolaid, tipofertilizacao) VALUES( 'Poda', 1,  '04-Nov-2017',  30.0,  'un',  null, 11, null););
INSERT INTO operacaoagricola(tipooperacaotipo, cadernocampoid, datarealizacao, quantidade, unidadedesignacao, FatorProducaoNomeComercial, cultura_parcelaagricolaid, tipofertilizacao) VALUES( 'Poda', 1,  '04-Nov-2017',  30.0,  'un',  null, 12, null););
INSERT INTO operacaoagricola(tipooperacaotipo, cadernocampoid, datarealizacao, quantidade, unidadedesignacao, FatorProducaoNomeComercial, cultura_parcelaagricolaid, tipofertilizacao) VALUES( 'Poda', 1,  '04-Nov-2017',  20.0,  'un',  null, 11, null););
INSERT INTO operacaoagricola(tipooperacaotipo, cadernocampoid, datarealizacao, quantidade, unidadedesignacao, FatorProducaoNomeComercial, cultura_parcelaagricolaid, tipofertilizacao) VALUES( 'Poda', 1,  '04-Nov-2017',  20.0,  'un',  null, 12, null););
INSERT INTO operacaoagricola(tipooperacaotipo, cadernocampoid, datarealizacao, quantidade, unidadedesignacao, FatorProducaoNomeComercial, cultura_parcelaagricolaid, tipofertilizacao) VALUES( 'Fertilização', 1,  '10-Dec-2017',  15.0,  'kg', 3, 11, 'Solo'););
INSERT INTO operacaoagricola(tipooperacaotipo, cadernocampoid, datarealizacao, quantidade, unidadedesignacao, FatorProducaoNomeComercial, cultura_parcelaagricolaid, tipofertilizacao) VALUES( 'Fertilização', 1,  '10-Dec-2017',  15.0,  'kg', 3, 12, 'Solo'););
INSERT INTO operacaoagricola(tipooperacaotipo, cadernocampoid, datarealizacao, quantidade, unidadedesignacao, FatorProducaoNomeComercial, cultura_parcelaagricolaid, tipofertilizacao) VALUES( 'Fertilização', 1,  '10-Dec-2017',  10.0,  'kg', 3, 11, 'Solo'););
INSERT INTO operacaoagricola(tipooperacaotipo, cadernocampoid, datarealizacao, quantidade, unidadedesignacao, FatorProducaoNomeComercial, cultura_parcelaagricolaid, tipofertilizacao) VALUES( 'Fertilização', 1,  '10-Dec-2017',  10.0,  'kg', 3, 12, 'Solo'););
INSERT INTO operacaoagricola(tipooperacaotipo, cadernocampoid, datarealizacao, quantidade, unidadedesignacao, FatorProducaoNomeComercial, cultura_parcelaagricolaid, tipofertilizacao) VALUES( 'Poda', 1,  '07-Jan-2018',  90.0,  'un',  null, 22, null););
INSERT INTO operacaoagricola(tipooperacaotipo, cadernocampoid, datarealizacao, quantidade, unidadedesignacao, FatorProducaoNomeComercial, cultura_parcelaagricolaid, tipofertilizacao) VALUES( 'Poda', 1,  '07-Jan-2018',  90.0,  'un',  null, 23, null););
INSERT INTO operacaoagricola(tipooperacaotipo, cadernocampoid, datarealizacao, quantidade, unidadedesignacao, FatorProducaoNomeComercial, cultura_parcelaagricolaid, tipofertilizacao) VALUES( 'Poda', 1,  '07-Jan-2018',  90.0,  'un',  null, 24, null););
INSERT INTO operacaoagricola(tipooperacaotipo, cadernocampoid, datarealizacao, quantidade, unidadedesignacao, FatorProducaoNomeComercial, cultura_parcelaagricolaid, tipofertilizacao) VALUES( 'Poda', 1,  '08-Jan-2018',  60.0,  'un',  null, 22, null););
INSERT INTO operacaoagricola(tipooperacaotipo, cadernocampoid, datarealizacao, quantidade, unidadedesignacao, FatorProducaoNomeComercial, cultura_parcelaagricolaid, tipofertilizacao) VALUES( 'Poda', 1,  '08-Jan-2018',  60.0,  'un',  null, 23, null););
INSERT INTO operacaoagricola(tipooperacaotipo, cadernocampoid, datarealizacao, quantidade, unidadedesignacao, FatorProducaoNomeComercial, cultura_parcelaagricolaid, tipofertilizacao) VALUES( 'Poda', 1,  '08-Jan-2018',  60.0,  'un',  null, 24, null););
INSERT INTO operacaoagricola(tipooperacaotipo, cadernocampoid, datarealizacao, quantidade, unidadedesignacao, FatorProducaoNomeComercial, cultura_parcelaagricolaid, tipofertilizacao) VALUES( 'Poda', 1,  '08-Jan-2018',  40.0,  'un',  null, 22, null););
INSERT INTO operacaoagricola(tipooperacaotipo, cadernocampoid, datarealizacao, quantidade, unidadedesignacao, FatorProducaoNomeComercial, cultura_parcelaagricolaid, tipofertilizacao) VALUES( 'Poda', 1,  '08-Jan-2018',  40.0,  'un',  null, 23, null););
INSERT INTO operacaoagricola(tipooperacaotipo, cadernocampoid, datarealizacao, quantidade, unidadedesignacao, FatorProducaoNomeComercial, cultura_parcelaagricolaid, tipofertilizacao) VALUES( 'Poda', 1,  '08-Jan-2018',  40.0,  'un',  null, 24, null););
INSERT INTO operacaoagricola(tipooperacaotipo, cadernocampoid, datarealizacao, quantidade, unidadedesignacao, FatorProducaoNomeComercial, cultura_parcelaagricolaid, tipofertilizacao) VALUES( 'Plantação', 1,  '11-Jan-2018',  700.0,  'un',  null, 26, null););
INSERT INTO operacaoagricola(tipooperacaotipo, cadernocampoid, datarealizacao, quantidade, unidadedesignacao, FatorProducaoNomeComercial, cultura_parcelaagricolaid, tipofertilizacao) VALUES( 'Fertilização', 1,  '06-Feb-2018',  10.0,  'kg', 4, 22, 'Solo'););
INSERT INTO operacaoagricola(tipooperacaotipo, cadernocampoid, datarealizacao, quantidade, unidadedesignacao, FatorProducaoNomeComercial, cultura_parcelaagricolaid, tipofertilizacao) VALUES( 'Fertilização', 1,  '06-Feb-2018',  10.0,  'kg', 4, 23, 'Solo'););
INSERT INTO operacaoagricola(tipooperacaotipo, cadernocampoid, datarealizacao, quantidade, unidadedesignacao, FatorProducaoNomeComercial, cultura_parcelaagricolaid, tipofertilizacao) VALUES( 'Fertilização', 1,  '06-Feb-2018',  10.0,  'kg', 4, 24, 'Solo'););
INSERT INTO operacaoagricola(tipooperacaotipo, cadernocampoid, datarealizacao, quantidade, unidadedesignacao, FatorProducaoNomeComercial, cultura_parcelaagricolaid, tipofertilizacao) VALUES( 'Fertilização', 1,  '06-Feb-2018',  6.0,  'kg', 4, 22, 'Solo'););
INSERT INTO operacaoagricola(tipooperacaotipo, cadernocampoid, datarealizacao, quantidade, unidadedesignacao, FatorProducaoNomeComercial, cultura_parcelaagricolaid, tipofertilizacao) VALUES( 'Fertilização', 1,  '06-Feb-2018',  6.0,  'kg', 4, 23, 'Solo'););
INSERT INTO operacaoagricola(tipooperacaotipo, cadernocampoid, datarealizacao, quantidade, unidadedesignacao, FatorProducaoNomeComercial, cultura_parcelaagricolaid, tipofertilizacao) VALUES( 'Fertilização', 1,  '06-Feb-2018',  6.0,  'kg', 4, 24, 'Solo'););
INSERT INTO operacaoagricola(tipooperacaotipo, cadernocampoid, datarealizacao, quantidade, unidadedesignacao, FatorProducaoNomeComercial, cultura_parcelaagricolaid, tipofertilizacao) VALUES( 'Fertilização', 1,  '06-Feb-2018',  5.0,  'kg', 4, 22, 'Solo'););
INSERT INTO operacaoagricola(tipooperacaotipo, cadernocampoid, datarealizacao, quantidade, unidadedesignacao, FatorProducaoNomeComercial, cultura_parcelaagricolaid, tipofertilizacao) VALUES( 'Fertilização', 1,  '06-Feb-2018',  5.0,  'kg', 4, 23, 'Solo'););
INSERT INTO operacaoagricola(tipooperacaotipo, cadernocampoid, datarealizacao, quantidade, unidadedesignacao, FatorProducaoNomeComercial, cultura_parcelaagricolaid, tipofertilizacao) VALUES( 'Fertilização', 1,  '06-Feb-2018',  5.0,  'kg', 4, 24, 'Solo'););
INSERT INTO operacaoagricola(tipooperacaotipo, cadernocampoid, datarealizacao, quantidade, unidadedesignacao, FatorProducaoNomeComercial, cultura_parcelaagricolaid, tipofertilizacao) VALUES( 'Rega', 1,  '03-Jul-2018',  1.0,  'm3',  null, 11, null););
INSERT INTO operacaoagricola(tipooperacaotipo, cadernocampoid, datarealizacao, quantidade, unidadedesignacao, FatorProducaoNomeComercial, cultura_parcelaagricolaid, tipofertilizacao) VALUES( 'Rega', 1,  '03-Jul-2018',  1.0,  'm3',  null, 12, null););
INSERT INTO operacaoagricola(tipooperacaotipo, cadernocampoid, datarealizacao, quantidade, unidadedesignacao, FatorProducaoNomeComercial, cultura_parcelaagricolaid, tipofertilizacao) VALUES( 'Rega', 1,  '03-Jul-2018',  1.5,  'm3',  null, 11, null););
INSERT INTO operacaoagricola(tipooperacaotipo, cadernocampoid, datarealizacao, quantidade, unidadedesignacao, FatorProducaoNomeComercial, cultura_parcelaagricolaid, tipofertilizacao) VALUES( 'Rega', 1,  '03-Jul-2018',  1.5,  'm3',  null, 12, null););
INSERT INTO operacaoagricola(tipooperacaotipo, cadernocampoid, datarealizacao, quantidade, unidadedesignacao, FatorProducaoNomeComercial, cultura_parcelaagricolaid, tipofertilizacao) VALUES( 'Rega', 1,  '10-Jul-2018',  3.5,  'm3',  null, 22, null););
INSERT INTO operacaoagricola(tipooperacaotipo, cadernocampoid, datarealizacao, quantidade, unidadedesignacao, FatorProducaoNomeComercial, cultura_parcelaagricolaid, tipofertilizacao) VALUES( 'Rega', 1,  '10-Jul-2018',  3.5,  'm3',  null, 23, null););
INSERT INTO operacaoagricola(tipooperacaotipo, cadernocampoid, datarealizacao, quantidade, unidadedesignacao, FatorProducaoNomeComercial, cultura_parcelaagricolaid, tipofertilizacao) VALUES( 'Rega', 1,  '10-Jul-2018',  3.5,  'm3',  null, 24, null););
INSERT INTO operacaoagricola(tipooperacaotipo, cadernocampoid, datarealizacao, quantidade, unidadedesignacao, FatorProducaoNomeComercial, cultura_parcelaagricolaid, tipofertilizacao) VALUES( 'Rega', 1,  '10-Jul-2018',  6.0,  'm3',  null, 26, null););
INSERT INTO operacaoagricola(tipooperacaotipo, cadernocampoid, datarealizacao, quantidade, unidadedesignacao, FatorProducaoNomeComercial, cultura_parcelaagricolaid, tipofertilizacao) VALUES( 'Rega', 1,  '10-Aug-2018',  1.0,  'm3',  null, 11, null););
INSERT INTO operacaoagricola(tipooperacaotipo, cadernocampoid, datarealizacao, quantidade, unidadedesignacao, FatorProducaoNomeComercial, cultura_parcelaagricolaid, tipofertilizacao) VALUES( 'Rega', 1,  '10-Aug-2018',  1.0,  'm3',  null, 12, null););
INSERT INTO operacaoagricola(tipooperacaotipo, cadernocampoid, datarealizacao, quantidade, unidadedesignacao, FatorProducaoNomeComercial, cultura_parcelaagricolaid, tipofertilizacao) VALUES( 'Rega', 1,  '10-Aug-2018',  1.5,  'm3',  null, 11, null););
INSERT INTO operacaoagricola(tipooperacaotipo, cadernocampoid, datarealizacao, quantidade, unidadedesignacao, FatorProducaoNomeComercial, cultura_parcelaagricolaid, tipofertilizacao) VALUES( 'Rega', 1,  '10-Aug-2018',  1.5,  'm3',  null, 12, null););
INSERT INTO operacaoagricola(tipooperacaotipo, cadernocampoid, datarealizacao, quantidade, unidadedesignacao, FatorProducaoNomeComercial, cultura_parcelaagricolaid, tipofertilizacao) VALUES( 'Rega', 1,  '10-Aug-2018',  4.0,  'm3',  null, 22, null););
INSERT INTO operacaoagricola(tipooperacaotipo, cadernocampoid, datarealizacao, quantidade, unidadedesignacao, FatorProducaoNomeComercial, cultura_parcelaagricolaid, tipofertilizacao) VALUES( 'Rega', 1,  '10-Aug-2018',  4.0,  'm3',  null, 23, null););
INSERT INTO operacaoagricola(tipooperacaotipo, cadernocampoid, datarealizacao, quantidade, unidadedesignacao, FatorProducaoNomeComercial, cultura_parcelaagricolaid, tipofertilizacao) VALUES( 'Rega', 1,  '10-Aug-2018',  4.0,  'm3',  null, 24, null););
INSERT INTO operacaoagricola(tipooperacaotipo, cadernocampoid, datarealizacao, quantidade, unidadedesignacao, FatorProducaoNomeComercial, cultura_parcelaagricolaid, tipofertilizacao) VALUES( 'Rega', 1,  '11-Aug-2018',  7.0,  'm3',  null, 26, null););
INSERT INTO operacaoagricola(tipooperacaotipo, cadernocampoid, datarealizacao, quantidade, unidadedesignacao, FatorProducaoNomeComercial, cultura_parcelaagricolaid, tipofertilizacao) VALUES( 'Rega', 1,  '02-Sep-2018',  4.0,  'm3',  null, 22, null););
INSERT INTO operacaoagricola(tipooperacaotipo, cadernocampoid, datarealizacao, quantidade, unidadedesignacao, FatorProducaoNomeComercial, cultura_parcelaagricolaid, tipofertilizacao) VALUES( 'Rega', 1,  '02-Sep-2018',  4.0,  'm3',  null, 23, null););
INSERT INTO operacaoagricola(tipooperacaotipo, cadernocampoid, datarealizacao, quantidade, unidadedesignacao, FatorProducaoNomeComercial, cultura_parcelaagricolaid, tipofertilizacao) VALUES( 'Rega', 1,  '02-Sep-2018',  4.0,  'm3',  null, 24, null););
INSERT INTO operacaoagricola(tipooperacaotipo, cadernocampoid, datarealizacao, quantidade, unidadedesignacao, FatorProducaoNomeComercial, cultura_parcelaagricolaid, tipofertilizacao) VALUES( 'Rega', 1,  '10-Sep-2018',  4.0,  'm3',  null, 22, null););
INSERT INTO operacaoagricola(tipooperacaotipo, cadernocampoid, datarealizacao, quantidade, unidadedesignacao, FatorProducaoNomeComercial, cultura_parcelaagricolaid, tipofertilizacao) VALUES( 'Rega', 1,  '10-Sep-2018',  4.0,  'm3',  null, 23, null););
INSERT INTO operacaoagricola(tipooperacaotipo, cadernocampoid, datarealizacao, quantidade, unidadedesignacao, FatorProducaoNomeComercial, cultura_parcelaagricolaid, tipofertilizacao) VALUES( 'Rega', 1,  '10-Sep-2018',  4.0,  'm3',  null, 24, null););
INSERT INTO operacaoagricola(tipooperacaotipo, cadernocampoid, datarealizacao, quantidade, unidadedesignacao, FatorProducaoNomeComercial, cultura_parcelaagricolaid, tipofertilizacao) VALUES( 'Poda', 1,  '17-Nov-2018',  30.0,  'un',  null, 11, null););
INSERT INTO operacaoagricola(tipooperacaotipo, cadernocampoid, datarealizacao, quantidade, unidadedesignacao, FatorProducaoNomeComercial, cultura_parcelaagricolaid, tipofertilizacao) VALUES( 'Poda', 1,  '17-Nov-2018',  30.0,  'un',  null, 12, null););
INSERT INTO operacaoagricola(tipooperacaotipo, cadernocampoid, datarealizacao, quantidade, unidadedesignacao, FatorProducaoNomeComercial, cultura_parcelaagricolaid, tipofertilizacao) VALUES( 'Poda', 1,  '17-Nov-2018',  20.0,  'un',  null, 11, null););
INSERT INTO operacaoagricola(tipooperacaotipo, cadernocampoid, datarealizacao, quantidade, unidadedesignacao, FatorProducaoNomeComercial, cultura_parcelaagricolaid, tipofertilizacao) VALUES( 'Poda', 1,  '17-Nov-2018',  20.0,  'un',  null, 12, null););
INSERT INTO operacaoagricola(tipooperacaotipo, cadernocampoid, datarealizacao, quantidade, unidadedesignacao, FatorProducaoNomeComercial, cultura_parcelaagricolaid, tipofertilizacao) VALUES( 'Plantação', 1,  '10-Dec-2018',  30.0,  'un',  null, 22, null););
INSERT INTO operacaoagricola(tipooperacaotipo, cadernocampoid, datarealizacao, quantidade, unidadedesignacao, FatorProducaoNomeComercial, cultura_parcelaagricolaid, tipofertilizacao) VALUES( 'Plantação', 1,  '10-Dec-2018',  30.0,  'un',  null, 23, null););
INSERT INTO operacaoagricola(tipooperacaotipo, cadernocampoid, datarealizacao, quantidade, unidadedesignacao, FatorProducaoNomeComercial, cultura_parcelaagricolaid, tipofertilizacao) VALUES( 'Plantação', 1,  '10-Dec-2018',  30.0,  'un',  null, 24, null););
INSERT INTO operacaoagricola(tipooperacaotipo, cadernocampoid, datarealizacao, quantidade, unidadedesignacao, FatorProducaoNomeComercial, cultura_parcelaagricolaid, tipofertilizacao) VALUES( 'Poda', 1,  '16-Dec-2018',  500.0,  'un',  null, 26, null););
INSERT INTO operacaoagricola(tipooperacaotipo, cadernocampoid, datarealizacao, quantidade, unidadedesignacao, FatorProducaoNomeComercial, cultura_parcelaagricolaid, tipofertilizacao) VALUES( 'Poda', 1,  '18-Dec-2018',  700.0,  'un',  null, 26, null););
INSERT INTO operacaoagricola(tipooperacaotipo, cadernocampoid, datarealizacao, quantidade, unidadedesignacao, FatorProducaoNomeComercial, cultura_parcelaagricolaid, tipofertilizacao) VALUES( 'Poda', 1,  '07-Jan-2019',  90.0,  'un',  null, 22, null););
INSERT INTO operacaoagricola(tipooperacaotipo, cadernocampoid, datarealizacao, quantidade, unidadedesignacao, FatorProducaoNomeComercial, cultura_parcelaagricolaid, tipofertilizacao) VALUES( 'Poda', 1,  '07-Jan-2019',  90.0,  'un',  null, 23, null););
INSERT INTO operacaoagricola(tipooperacaotipo, cadernocampoid, datarealizacao, quantidade, unidadedesignacao, FatorProducaoNomeComercial, cultura_parcelaagricolaid, tipofertilizacao) VALUES( 'Poda', 1,  '07-Jan-2019',  90.0,  'un',  null, 24, null););
INSERT INTO operacaoagricola(tipooperacaotipo, cadernocampoid, datarealizacao, quantidade, unidadedesignacao, FatorProducaoNomeComercial, cultura_parcelaagricolaid, tipofertilizacao) VALUES( 'Poda', 1,  '08-Jan-2019',  60.0,  'un',  null, 22, null););
INSERT INTO operacaoagricola(tipooperacaotipo, cadernocampoid, datarealizacao, quantidade, unidadedesignacao, FatorProducaoNomeComercial, cultura_parcelaagricolaid, tipofertilizacao) VALUES( 'Poda', 1,  '08-Jan-2019',  60.0,  'un',  null, 23, null););
INSERT INTO operacaoagricola(tipooperacaotipo, cadernocampoid, datarealizacao, quantidade, unidadedesignacao, FatorProducaoNomeComercial, cultura_parcelaagricolaid, tipofertilizacao) VALUES( 'Poda', 1,  '08-Jan-2019',  60.0,  'un',  null, 24, null););
INSERT INTO operacaoagricola(tipooperacaotipo, cadernocampoid, datarealizacao, quantidade, unidadedesignacao, FatorProducaoNomeComercial, cultura_parcelaagricolaid, tipofertilizacao) VALUES( 'Poda', 1,  '08-Jan-2019',  40.0,  'un',  null, 22, null););
INSERT INTO operacaoagricola(tipooperacaotipo, cadernocampoid, datarealizacao, quantidade, unidadedesignacao, FatorProducaoNomeComercial, cultura_parcelaagricolaid, tipofertilizacao) VALUES( 'Poda', 1,  '08-Jan-2019',  40.0,  'un',  null, 23, null););
INSERT INTO operacaoagricola(tipooperacaotipo, cadernocampoid, datarealizacao, quantidade, unidadedesignacao, FatorProducaoNomeComercial, cultura_parcelaagricolaid, tipofertilizacao) VALUES( 'Poda', 1,  '08-Jan-2019',  40.0,  'un',  null, 24, null););
INSERT INTO operacaoagricola(tipooperacaotipo, cadernocampoid, datarealizacao, quantidade, unidadedesignacao, FatorProducaoNomeComercial, cultura_parcelaagricolaid, tipofertilizacao) VALUES( 'Aplicação fitofármaco', 1,  '20-Jan-2019',  2.0,  'kg', 1, 26, null););
INSERT INTO operacaoagricola(tipooperacaotipo, cadernocampoid, datarealizacao, quantidade, unidadedesignacao, FatorProducaoNomeComercial, cultura_parcelaagricolaid, tipofertilizacao) VALUES( 'Aplicação fitofármaco', 1,  '20-Jan-2019',  2.5,  'kg', 1, 26, null););
INSERT INTO operacaoagricola(tipooperacaotipo, cadernocampoid, datarealizacao, quantidade, unidadedesignacao, FatorProducaoNomeComercial, cultura_parcelaagricolaid, tipofertilizacao) VALUES( 'Fertilização', 1,  '06-Feb-2019',  10.0,  'kg', 4, 22, 'Solo'););
INSERT INTO operacaoagricola(tipooperacaotipo, cadernocampoid, datarealizacao, quantidade, unidadedesignacao, FatorProducaoNomeComercial, cultura_parcelaagricolaid, tipofertilizacao) VALUES( 'Fertilização', 1,  '06-Feb-2019',  10.0,  'kg', 4, 23, 'Solo'););
INSERT INTO operacaoagricola(tipooperacaotipo, cadernocampoid, datarealizacao, quantidade, unidadedesignacao, FatorProducaoNomeComercial, cultura_parcelaagricolaid, tipofertilizacao) VALUES( 'Fertilização', 1,  '06-Feb-2019',  10.0,  'kg', 4, 24, 'Solo'););
INSERT INTO operacaoagricola(tipooperacaotipo, cadernocampoid, datarealizacao, quantidade, unidadedesignacao, FatorProducaoNomeComercial, cultura_parcelaagricolaid, tipofertilizacao) VALUES( 'Fertilização', 1,  '06-Feb-2019',  5.0,  'kg', 4, 22, 'Solo'););
INSERT INTO operacaoagricola(tipooperacaotipo, cadernocampoid, datarealizacao, quantidade, unidadedesignacao, FatorProducaoNomeComercial, cultura_parcelaagricolaid, tipofertilizacao) VALUES( 'Fertilização', 1,  '06-Feb-2019',  5.0,  'kg', 4, 23, 'Solo'););
INSERT INTO operacaoagricola(tipooperacaotipo, cadernocampoid, datarealizacao, quantidade, unidadedesignacao, FatorProducaoNomeComercial, cultura_parcelaagricolaid, tipofertilizacao) VALUES( 'Fertilização', 1,  '06-Feb-2019',  5.0,  'kg', 4, 24, 'Solo'););
INSERT INTO operacaoagricola(tipooperacaotipo, cadernocampoid, datarealizacao, quantidade, unidadedesignacao, FatorProducaoNomeComercial, cultura_parcelaagricolaid, tipofertilizacao) VALUES( 'Fertilização', 1,  '06-Feb-2019',  7.0,  'kg', 4, 22, 'Solo'););
INSERT INTO operacaoagricola(tipooperacaotipo, cadernocampoid, datarealizacao, quantidade, unidadedesignacao, FatorProducaoNomeComercial, cultura_parcelaagricolaid, tipofertilizacao) VALUES( 'Fertilização', 1,  '06-Feb-2019',  7.0,  'kg', 4, 23, 'Solo'););
INSERT INTO operacaoagricola(tipooperacaotipo, cadernocampoid, datarealizacao, quantidade, unidadedesignacao, FatorProducaoNomeComercial, cultura_parcelaagricolaid, tipofertilizacao) VALUES( 'Fertilização', 1,  '06-Feb-2019',  7.0,  'kg', 4, 24, 'Solo'););
INSERT INTO operacaoagricola(tipooperacaotipo, cadernocampoid, datarealizacao, quantidade, unidadedesignacao, FatorProducaoNomeComercial, cultura_parcelaagricolaid, tipofertilizacao) VALUES( 'Rega', 1,  '03-Jul-2019',  1.0,  'm3',  null, 11, null););
INSERT INTO operacaoagricola(tipooperacaotipo, cadernocampoid, datarealizacao, quantidade, unidadedesignacao, FatorProducaoNomeComercial, cultura_parcelaagricolaid, tipofertilizacao) VALUES( 'Rega', 1,  '03-Jul-2019',  1.0,  'm3',  null, 12, null););
INSERT INTO operacaoagricola(tipooperacaotipo, cadernocampoid, datarealizacao, quantidade, unidadedesignacao, FatorProducaoNomeComercial, cultura_parcelaagricolaid, tipofertilizacao) VALUES( 'Rega', 1,  '03-Jul-2019',  1.5,  'm3',  null, 11, null););
INSERT INTO operacaoagricola(tipooperacaotipo, cadernocampoid, datarealizacao, quantidade, unidadedesignacao, FatorProducaoNomeComercial, cultura_parcelaagricolaid, tipofertilizacao) VALUES( 'Rega', 1,  '03-Jul-2019',  1.5,  'm3',  null, 12, null););
INSERT INTO operacaoagricola(tipooperacaotipo, cadernocampoid, datarealizacao, quantidade, unidadedesignacao, FatorProducaoNomeComercial, cultura_parcelaagricolaid, tipofertilizacao) VALUES( 'Rega', 1,  '03-Jul-2019',  4.0,  'm3',  null, 22, null););
INSERT INTO operacaoagricola(tipooperacaotipo, cadernocampoid, datarealizacao, quantidade, unidadedesignacao, FatorProducaoNomeComercial, cultura_parcelaagricolaid, tipofertilizacao) VALUES( 'Rega', 1,  '03-Jul-2019',  4.0,  'm3',  null, 23, null););
INSERT INTO operacaoagricola(tipooperacaotipo, cadernocampoid, datarealizacao, quantidade, unidadedesignacao, FatorProducaoNomeComercial, cultura_parcelaagricolaid, tipofertilizacao) VALUES( 'Rega', 1,  '03-Jul-2019',  4.0,  'm3',  null, 24, null););
INSERT INTO operacaoagricola(tipooperacaotipo, cadernocampoid, datarealizacao, quantidade, unidadedesignacao, FatorProducaoNomeComercial, cultura_parcelaagricolaid, tipofertilizacao) VALUES( 'Rega', 1,  '10-Jul-2019',  6.0,  'm3',  null, 26, null););
INSERT INTO operacaoagricola(tipooperacaotipo, cadernocampoid, datarealizacao, quantidade, unidadedesignacao, FatorProducaoNomeComercial, cultura_parcelaagricolaid, tipofertilizacao) VALUES( 'Rega', 1,  '10-Aug-2019',  1.0,  'm3',  null, 11, null););
INSERT INTO operacaoagricola(tipooperacaotipo, cadernocampoid, datarealizacao, quantidade, unidadedesignacao, FatorProducaoNomeComercial, cultura_parcelaagricolaid, tipofertilizacao) VALUES( 'Rega', 1,  '10-Aug-2019',  1.0,  'm3',  null, 12, null););
INSERT INTO operacaoagricola(tipooperacaotipo, cadernocampoid, datarealizacao, quantidade, unidadedesignacao, FatorProducaoNomeComercial, cultura_parcelaagricolaid, tipofertilizacao) VALUES( 'Rega', 1,  '10-Aug-2019',  1.5,  'm3',  null, 11, null););
INSERT INTO operacaoagricola(tipooperacaotipo, cadernocampoid, datarealizacao, quantidade, unidadedesignacao, FatorProducaoNomeComercial, cultura_parcelaagricolaid, tipofertilizacao) VALUES( 'Rega', 1,  '10-Aug-2019',  1.5,  'm3',  null, 12, null););
INSERT INTO operacaoagricola(tipooperacaotipo, cadernocampoid, datarealizacao, quantidade, unidadedesignacao, FatorProducaoNomeComercial, cultura_parcelaagricolaid, tipofertilizacao) VALUES( 'Rega', 1,  '10-Aug-2019',  4.5,  'm3',  null, 22, null););
INSERT INTO operacaoagricola(tipooperacaotipo, cadernocampoid, datarealizacao, quantidade, unidadedesignacao, FatorProducaoNomeComercial, cultura_parcelaagricolaid, tipofertilizacao) VALUES( 'Rega', 1,  '10-Aug-2019',  4.5,  'm3',  null, 23, null););
INSERT INTO operacaoagricola(tipooperacaotipo, cadernocampoid, datarealizacao, quantidade, unidadedesignacao, FatorProducaoNomeComercial, cultura_parcelaagricolaid, tipofertilizacao) VALUES( 'Rega', 1,  '10-Aug-2019',  4.5,  'm3',  null, 24, null););
INSERT INTO operacaoagricola(tipooperacaotipo, cadernocampoid, datarealizacao, quantidade, unidadedesignacao, FatorProducaoNomeComercial, cultura_parcelaagricolaid, tipofertilizacao) VALUES( 'Rega', 1,  '11-Aug-2019',  7.0,  'm3',  null, 26, null););
INSERT INTO operacaoagricola(tipooperacaotipo, cadernocampoid, datarealizacao, quantidade, unidadedesignacao, FatorProducaoNomeComercial, cultura_parcelaagricolaid, tipofertilizacao) VALUES( 'Poda', 1,  '15-Nov-2019',  30.0,  'un',  null, 11, null););
INSERT INTO operacaoagricola(tipooperacaotipo, cadernocampoid, datarealizacao, quantidade, unidadedesignacao, FatorProducaoNomeComercial, cultura_parcelaagricolaid, tipofertilizacao) VALUES( 'Poda', 1,  '15-Nov-2019',  30.0,  'un',  null, 12, null););
INSERT INTO operacaoagricola(tipooperacaotipo, cadernocampoid, datarealizacao, quantidade, unidadedesignacao, FatorProducaoNomeComercial, cultura_parcelaagricolaid, tipofertilizacao) VALUES( 'Poda', 1,  '15-Nov-2019',  20.0,  'un',  null, 11, null););
INSERT INTO operacaoagricola(tipooperacaotipo, cadernocampoid, datarealizacao, quantidade, unidadedesignacao, FatorProducaoNomeComercial, cultura_parcelaagricolaid, tipofertilizacao) VALUES( 'Poda', 1,  '15-Nov-2019',  20.0,  'un',  null, 12, null););
INSERT INTO operacaoagricola(tipooperacaotipo, cadernocampoid, datarealizacao, quantidade, unidadedesignacao, FatorProducaoNomeComercial, cultura_parcelaagricolaid, tipofertilizacao) VALUES( 'Poda', 1,  '16-Dec-2019',  500.0,  'un',  null, 26, null););
INSERT INTO operacaoagricola(tipooperacaotipo, cadernocampoid, datarealizacao, quantidade, unidadedesignacao, FatorProducaoNomeComercial, cultura_parcelaagricolaid, tipofertilizacao) VALUES( 'Poda', 1,  '18-Dec-2019',  700.0,  'un',  null, 26, null););
INSERT INTO operacaoagricola(tipooperacaotipo, cadernocampoid, datarealizacao, quantidade, unidadedesignacao, FatorProducaoNomeComercial, cultura_parcelaagricolaid, tipofertilizacao) VALUES( 'Aplicação fitofármaco', 1,  '20-Jan-2020',  2.0,  'kg', 1, 26, null););
INSERT INTO operacaoagricola(tipooperacaotipo, cadernocampoid, datarealizacao, quantidade, unidadedesignacao, FatorProducaoNomeComercial, cultura_parcelaagricolaid, tipofertilizacao) VALUES( 'Aplicação fitofármaco', 1,  '20-Jan-2020',  2.5,  'kg', 1, 26, null););
INSERT INTO operacaoagricola(tipooperacaotipo, cadernocampoid, datarealizacao, quantidade, unidadedesignacao, FatorProducaoNomeComercial, cultura_parcelaagricolaid, tipofertilizacao) VALUES( 'Sementeira', 1,  '12-Mar-2020',  0.9,  'kg',  null, 13, null););
INSERT INTO operacaoagricola(tipooperacaotipo, cadernocampoid, datarealizacao, quantidade, unidadedesignacao, FatorProducaoNomeComercial, cultura_parcelaagricolaid, tipofertilizacao) VALUES( 'Colheita', 1,  '05-May-2020',  2200.0,  'kg',  null, 13, null););
INSERT INTO operacaoagricola(tipooperacaotipo, cadernocampoid, datarealizacao, quantidade, unidadedesignacao, FatorProducaoNomeComercial, cultura_parcelaagricolaid, tipofertilizacao) VALUES( 'Colheita', 1,  '15-May-2020',  1400.0,  'kg',  null, 13, null););
INSERT INTO operacaoagricola(tipooperacaotipo, cadernocampoid, datarealizacao, quantidade, unidadedesignacao, FatorProducaoNomeComercial, cultura_parcelaagricolaid, tipofertilizacao) VALUES( 'Rega', 1,  '03-Jul-2020',  1.0,  'm3',  null, 11, null););
INSERT INTO operacaoagricola(tipooperacaotipo, cadernocampoid, datarealizacao, quantidade, unidadedesignacao, FatorProducaoNomeComercial, cultura_parcelaagricolaid, tipofertilizacao) VALUES( 'Rega', 1,  '03-Jul-2020',  1.0,  'm3',  null, 12, null););
INSERT INTO operacaoagricola(tipooperacaotipo, cadernocampoid, datarealizacao, quantidade, unidadedesignacao, FatorProducaoNomeComercial, cultura_parcelaagricolaid, tipofertilizacao) VALUES( 'Rega', 1,  '03-Jul-2020',  1.5,  'm3',  null, 11, null););
INSERT INTO operacaoagricola(tipooperacaotipo, cadernocampoid, datarealizacao, quantidade, unidadedesignacao, FatorProducaoNomeComercial, cultura_parcelaagricolaid, tipofertilizacao) VALUES( 'Rega', 1,  '03-Jul-2020',  1.5,  'm3',  null, 12, null););
INSERT INTO operacaoagricola(tipooperacaotipo, cadernocampoid, datarealizacao, quantidade, unidadedesignacao, FatorProducaoNomeComercial, cultura_parcelaagricolaid, tipofertilizacao) VALUES( 'Rega', 1,  '10-Jul-2020',  6.0,  'm3',  null, 26, null););
INSERT INTO operacaoagricola(tipooperacaotipo, cadernocampoid, datarealizacao, quantidade, unidadedesignacao, FatorProducaoNomeComercial, cultura_parcelaagricolaid, tipofertilizacao) VALUES( 'Rega', 1,  '12-Jul-2020',  15.0,  'm3',  null, 5, null););
INSERT INTO operacaoagricola(tipooperacaotipo, cadernocampoid, datarealizacao, quantidade, unidadedesignacao, FatorProducaoNomeComercial, cultura_parcelaagricolaid, tipofertilizacao) VALUES( 'Rega', 1,  '15-Jul-2020',  2.5,  'm3',  null, 14, null););
INSERT INTO operacaoagricola(tipooperacaotipo, cadernocampoid, datarealizacao, quantidade, unidadedesignacao, FatorProducaoNomeComercial, cultura_parcelaagricolaid, tipofertilizacao) VALUES( 'Rega', 1,  '28-Jul-2020',  15.0,  'm3',  null, 5, null););
INSERT INTO operacaoagricola(tipooperacaotipo, cadernocampoid, datarealizacao, quantidade, unidadedesignacao, FatorProducaoNomeComercial, cultura_parcelaagricolaid, tipofertilizacao) VALUES( 'Rega', 1,  '10-Aug-2020',  1.0,  'm3',  null, 11, null););
INSERT INTO operacaoagricola(tipooperacaotipo, cadernocampoid, datarealizacao, quantidade, unidadedesignacao, FatorProducaoNomeComercial, cultura_parcelaagricolaid, tipofertilizacao) VALUES( 'Rega', 1,  '10-Aug-2020',  1.0,  'm3',  null, 12, null););
INSERT INTO operacaoagricola(tipooperacaotipo, cadernocampoid, datarealizacao, quantidade, unidadedesignacao, FatorProducaoNomeComercial, cultura_parcelaagricolaid, tipofertilizacao) VALUES( 'Rega', 1,  '10-Aug-2020',  1.5,  'm3',  null, 11, null););
INSERT INTO operacaoagricola(tipooperacaotipo, cadernocampoid, datarealizacao, quantidade, unidadedesignacao, FatorProducaoNomeComercial, cultura_parcelaagricolaid, tipofertilizacao) VALUES( 'Rega', 1,  '10-Aug-2020',  1.5,  'm3',  null, 12, null););
INSERT INTO operacaoagricola(tipooperacaotipo, cadernocampoid, datarealizacao, quantidade, unidadedesignacao, FatorProducaoNomeComercial, cultura_parcelaagricolaid, tipofertilizacao) VALUES( 'Rega', 1,  '10-Aug-2020',  15.0,  'm3',  null, 5, null););
INSERT INTO operacaoagricola(tipooperacaotipo, cadernocampoid, datarealizacao, quantidade, unidadedesignacao, FatorProducaoNomeComercial, cultura_parcelaagricolaid, tipofertilizacao) VALUES( 'Rega', 1,  '11-Aug-2020',  7.0,  'm3',  null, 26, null););
INSERT INTO operacaoagricola(tipooperacaotipo, cadernocampoid, datarealizacao, quantidade, unidadedesignacao, FatorProducaoNomeComercial, cultura_parcelaagricolaid, tipofertilizacao) VALUES( 'Rega', 1,  '12-Aug-2020',  3.5,  'm3',  null, 14, null););
INSERT INTO operacaoagricola(tipooperacaotipo, cadernocampoid, datarealizacao, quantidade, unidadedesignacao, FatorProducaoNomeComercial, cultura_parcelaagricolaid, tipofertilizacao) VALUES( 'Colheita', 1,  '20-Aug-2020',  3300.0,  'kg',  null, 5, null););
INSERT INTO operacaoagricola(tipooperacaotipo, cadernocampoid, datarealizacao, quantidade, unidadedesignacao, FatorProducaoNomeComercial, cultura_parcelaagricolaid, tipofertilizacao) VALUES( 'Colheita', 1,  '28-Aug-2020',  600.0,  'kg',  null, 14, null););
INSERT INTO operacaoagricola(tipooperacaotipo, cadernocampoid, datarealizacao, quantidade, unidadedesignacao, FatorProducaoNomeComercial, cultura_parcelaagricolaid, tipofertilizacao) VALUES( 'Colheita', 1,  '07-Sep-2020',  1800.0,  'kg',  null, 14, null););
INSERT INTO operacaoagricola(tipooperacaotipo, cadernocampoid, datarealizacao, quantidade, unidadedesignacao, FatorProducaoNomeComercial, cultura_parcelaagricolaid, tipofertilizacao) VALUES( 'Poda', 1,  '10-Nov-2020',  30.0,  'un',  null, 11, null););
INSERT INTO operacaoagricola(tipooperacaotipo, cadernocampoid, datarealizacao, quantidade, unidadedesignacao, FatorProducaoNomeComercial, cultura_parcelaagricolaid, tipofertilizacao) VALUES( 'Poda', 1,  '10-Nov-2020',  30.0,  'un',  null, 12, null););
INSERT INTO operacaoagricola(tipooperacaotipo, cadernocampoid, datarealizacao, quantidade, unidadedesignacao, FatorProducaoNomeComercial, cultura_parcelaagricolaid, tipofertilizacao) VALUES( 'Poda', 1,  '10-Nov-2020',  20.0,  'un',  null, 11, null););
INSERT INTO operacaoagricola(tipooperacaotipo, cadernocampoid, datarealizacao, quantidade, unidadedesignacao, FatorProducaoNomeComercial, cultura_parcelaagricolaid, tipofertilizacao) VALUES( 'Poda', 1,  '10-Nov-2020',  20.0,  'un',  null, 12, null););
INSERT INTO operacaoagricola(tipooperacaotipo, cadernocampoid, datarealizacao, quantidade, unidadedesignacao, FatorProducaoNomeComercial, cultura_parcelaagricolaid, tipofertilizacao) VALUES( 'Colheita', 1,  '15-Nov-2020',  600.0,  'kg',  null, 15, null););
INSERT INTO operacaoagricola(tipooperacaotipo, cadernocampoid, datarealizacao, quantidade, unidadedesignacao, FatorProducaoNomeComercial, cultura_parcelaagricolaid, tipofertilizacao) VALUES( 'Poda', 1,  '05-Dec-2020',  70.0,  'un',  null, 22, null););
INSERT INTO operacaoagricola(tipooperacaotipo, cadernocampoid, datarealizacao, quantidade, unidadedesignacao, FatorProducaoNomeComercial, cultura_parcelaagricolaid, tipofertilizacao) VALUES( 'Poda', 1,  '05-Dec-2020',  70.0,  'un',  null, 23, null););
INSERT INTO operacaoagricola(tipooperacaotipo, cadernocampoid, datarealizacao, quantidade, unidadedesignacao, FatorProducaoNomeComercial, cultura_parcelaagricolaid, tipofertilizacao) VALUES( 'Poda', 1,  '05-Dec-2020',  70.0,  'un',  null, 24, null););
INSERT INTO operacaoagricola(tipooperacaotipo, cadernocampoid, datarealizacao, quantidade, unidadedesignacao, FatorProducaoNomeComercial, cultura_parcelaagricolaid, tipofertilizacao) VALUES( 'Poda', 1,  '05-Dec-2020',  50.0,  'un',  null, 22, null););
INSERT INTO operacaoagricola(tipooperacaotipo, cadernocampoid, datarealizacao, quantidade, unidadedesignacao, FatorProducaoNomeComercial, cultura_parcelaagricolaid, tipofertilizacao) VALUES( 'Poda', 1,  '05-Dec-2020',  50.0,  'un',  null, 23, null););
INSERT INTO operacaoagricola(tipooperacaotipo, cadernocampoid, datarealizacao, quantidade, unidadedesignacao, FatorProducaoNomeComercial, cultura_parcelaagricolaid, tipofertilizacao) VALUES( 'Poda', 1,  '05-Dec-2020',  50.0,  'un',  null, 24, null););
INSERT INTO operacaoagricola(tipooperacaotipo, cadernocampoid, datarealizacao, quantidade, unidadedesignacao, FatorProducaoNomeComercial, cultura_parcelaagricolaid, tipofertilizacao) VALUES( 'Fertilização', 1,  '10-Dec-2020',  10.0,  'kg', 3, 11, 'Solo'););
INSERT INTO operacaoagricola(tipooperacaotipo, cadernocampoid, datarealizacao, quantidade, unidadedesignacao, FatorProducaoNomeComercial, cultura_parcelaagricolaid, tipofertilizacao) VALUES( 'Fertilização', 1,  '10-Dec-2020',  10.0,  'kg', 3, 12, 'Solo'););
INSERT INTO operacaoagricola(tipooperacaotipo, cadernocampoid, datarealizacao, quantidade, unidadedesignacao, FatorProducaoNomeComercial, cultura_parcelaagricolaid, tipofertilizacao) VALUES( 'Fertilização', 1,  '10-Dec-2020',  7.0,  'kg', 3, 11, 'Solo'););
INSERT INTO operacaoagricola(tipooperacaotipo, cadernocampoid, datarealizacao, quantidade, unidadedesignacao, FatorProducaoNomeComercial, cultura_parcelaagricolaid, tipofertilizacao) VALUES( 'Fertilização', 1,  '10-Dec-2020',  7.0,  'kg', 3, 12, 'Solo'););
INSERT INTO operacaoagricola(tipooperacaotipo, cadernocampoid, datarealizacao, quantidade, unidadedesignacao, FatorProducaoNomeComercial, cultura_parcelaagricolaid, tipofertilizacao) VALUES( 'Poda', 1,  '15-Dec-2020',  40.0,  'un',  null, 22, null););
INSERT INTO operacaoagricola(tipooperacaotipo, cadernocampoid, datarealizacao, quantidade, unidadedesignacao, FatorProducaoNomeComercial, cultura_parcelaagricolaid, tipofertilizacao) VALUES( 'Poda', 1,  '15-Dec-2020',  40.0,  'un',  null, 23, null););
INSERT INTO operacaoagricola(tipooperacaotipo, cadernocampoid, datarealizacao, quantidade, unidadedesignacao, FatorProducaoNomeComercial, cultura_parcelaagricolaid, tipofertilizacao) VALUES( 'Poda', 1,  '15-Dec-2020',  40.0,  'un',  null, 24, null););
INSERT INTO operacaoagricola(tipooperacaotipo, cadernocampoid, datarealizacao, quantidade, unidadedesignacao, FatorProducaoNomeComercial, cultura_parcelaagricolaid, tipofertilizacao) VALUES( 'Poda', 1,  '15-Dec-2020',  60.0,  'un',  null, 22, null););
INSERT INTO operacaoagricola(tipooperacaotipo, cadernocampoid, datarealizacao, quantidade, unidadedesignacao, FatorProducaoNomeComercial, cultura_parcelaagricolaid, tipofertilizacao) VALUES( 'Poda', 1,  '15-Dec-2020',  60.0,  'un',  null, 23, null););
INSERT INTO operacaoagricola(tipooperacaotipo, cadernocampoid, datarealizacao, quantidade, unidadedesignacao, FatorProducaoNomeComercial, cultura_parcelaagricolaid, tipofertilizacao) VALUES( 'Poda', 1,  '15-Dec-2020',  60.0,  'un',  null, 24, null););
INSERT INTO operacaoagricola(tipooperacaotipo, cadernocampoid, datarealizacao, quantidade, unidadedesignacao, FatorProducaoNomeComercial, cultura_parcelaagricolaid, tipofertilizacao) VALUES( 'Poda', 1,  '16-Dec-2020',  500.0,  'un',  null, 26, null););
INSERT INTO operacaoagricola(tipooperacaotipo, cadernocampoid, datarealizacao, quantidade, unidadedesignacao, FatorProducaoNomeComercial, cultura_parcelaagricolaid, tipofertilizacao) VALUES( 'Colheita', 1,  '18-Dec-2020',  2500.0,  'kg',  null, 15, null););
INSERT INTO operacaoagricola(tipooperacaotipo, cadernocampoid, datarealizacao, quantidade, unidadedesignacao, FatorProducaoNomeComercial, cultura_parcelaagricolaid, tipofertilizacao) VALUES( 'Poda', 1,  '18-Dec-2020',  700.0,  'un',  null, 26, null););
INSERT INTO operacaoagricola(tipooperacaotipo, cadernocampoid, datarealizacao, quantidade, unidadedesignacao, FatorProducaoNomeComercial, cultura_parcelaagricolaid, tipofertilizacao) VALUES( 'Colheita', 1,  '04-Jan-2021',  2900.0,  'kg',  null, 15, null););
INSERT INTO operacaoagricola(tipooperacaotipo, cadernocampoid, datarealizacao, quantidade, unidadedesignacao, FatorProducaoNomeComercial, cultura_parcelaagricolaid, tipofertilizacao) VALUES( 'Aplicação fitofármaco', 1,  '20-Jan-2021',  2.0,  'kg', 1, 26, null););
INSERT INTO operacaoagricola(tipooperacaotipo, cadernocampoid, datarealizacao, quantidade, unidadedesignacao, FatorProducaoNomeComercial, cultura_parcelaagricolaid, tipofertilizacao) VALUES( 'Aplicação fitofármaco', 1,  '20-Jan-2021',  2.5,  'kg', 1, 26, null););
INSERT INTO operacaoagricola(tipooperacaotipo, cadernocampoid, datarealizacao, quantidade, unidadedesignacao, FatorProducaoNomeComercial, cultura_parcelaagricolaid, tipofertilizacao) VALUES( 'Incorporação no solo', 1,  '14-Mar-2021',  1.3,  'ha',  null, 6, null););
INSERT INTO operacaoagricola(tipooperacaotipo, cadernocampoid, datarealizacao, quantidade, unidadedesignacao, FatorProducaoNomeComercial, cultura_parcelaagricolaid, tipofertilizacao) VALUES( 'Incorporação no solo', 1,  '30-Mar-2021',  1.3,  'ha',  null, 1, null););
INSERT INTO operacaoagricola(tipooperacaotipo, cadernocampoid, datarealizacao, quantidade, unidadedesignacao, FatorProducaoNomeComercial, cultura_parcelaagricolaid, tipofertilizacao) VALUES( 'Sementeira', 1,  '15-Apr-2021',  30.0,  'kg',  null, 2, null););
INSERT INTO operacaoagricola(tipooperacaotipo, cadernocampoid, datarealizacao, quantidade, unidadedesignacao, FatorProducaoNomeComercial, cultura_parcelaagricolaid, tipofertilizacao) VALUES( 'Fertilização', 1,  '02-May-2021',  10.0,  'kg', 5, 22, 'Foliar'););
INSERT INTO operacaoagricola(tipooperacaotipo, cadernocampoid, datarealizacao, quantidade, unidadedesignacao, FatorProducaoNomeComercial, cultura_parcelaagricolaid, tipofertilizacao) VALUES( 'Fertilização', 1,  '02-May-2021',  10.0,  'kg', 5, 23, 'Foliar'););
INSERT INTO operacaoagricola(tipooperacaotipo, cadernocampoid, datarealizacao, quantidade, unidadedesignacao, FatorProducaoNomeComercial, cultura_parcelaagricolaid, tipofertilizacao) VALUES( 'Fertilização', 1,  '02-May-2021',  10.0,  'kg', 5, 24, 'Foliar'););
INSERT INTO operacaoagricola(tipooperacaotipo, cadernocampoid, datarealizacao, quantidade, unidadedesignacao, FatorProducaoNomeComercial, cultura_parcelaagricolaid, tipofertilizacao) VALUES( 'Colheita', 1,  '05-May-2021',  2200.0,  'kg',  null, 16, null););
INSERT INTO operacaoagricola(tipooperacaotipo, cadernocampoid, datarealizacao, quantidade, unidadedesignacao, FatorProducaoNomeComercial, cultura_parcelaagricolaid, tipofertilizacao) VALUES( 'Colheita', 1,  '15-May-2021',  1400.0,  'kg',  null, 16, null););
INSERT INTO operacaoagricola(tipooperacaotipo, cadernocampoid, datarealizacao, quantidade, unidadedesignacao, FatorProducaoNomeComercial, cultura_parcelaagricolaid, tipofertilizacao) VALUES( 'Rega', 1,  '20-Jun-2021',  3.0,  'm3',  null, 17, null););
INSERT INTO operacaoagricola(tipooperacaotipo, cadernocampoid, datarealizacao, quantidade, unidadedesignacao, FatorProducaoNomeComercial, cultura_parcelaagricolaid, tipofertilizacao) VALUES( 'Rega', 1,  '03-Jul-2021',  0.8,  'm3',  null, 11, null););
INSERT INTO operacaoagricola(tipooperacaotipo, cadernocampoid, datarealizacao, quantidade, unidadedesignacao, FatorProducaoNomeComercial, cultura_parcelaagricolaid, tipofertilizacao) VALUES( 'Rega', 1,  '03-Jul-2021',  0.8,  'm3',  null, 12, null););
INSERT INTO operacaoagricola(tipooperacaotipo, cadernocampoid, datarealizacao, quantidade, unidadedesignacao, FatorProducaoNomeComercial, cultura_parcelaagricolaid, tipofertilizacao) VALUES( 'Rega', 1,  '03-Jul-2021',  1.5,  'm3',  null, 11, null););
INSERT INTO operacaoagricola(tipooperacaotipo, cadernocampoid, datarealizacao, quantidade, unidadedesignacao, FatorProducaoNomeComercial, cultura_parcelaagricolaid, tipofertilizacao) VALUES( 'Rega', 1,  '03-Jul-2021',  1.5,  'm3',  null, 12, null););
INSERT INTO operacaoagricola(tipooperacaotipo, cadernocampoid, datarealizacao, quantidade, unidadedesignacao, FatorProducaoNomeComercial, cultura_parcelaagricolaid, tipofertilizacao) VALUES( 'Rega', 1,  '05-Jul-2021',  5.0,  'm3',  null, 22, null););
INSERT INTO operacaoagricola(tipooperacaotipo, cadernocampoid, datarealizacao, quantidade, unidadedesignacao, FatorProducaoNomeComercial, cultura_parcelaagricolaid, tipofertilizacao) VALUES( 'Rega', 1,  '05-Jul-2021',  5.0,  'm3',  null, 23, null););
INSERT INTO operacaoagricola(tipooperacaotipo, cadernocampoid, datarealizacao, quantidade, unidadedesignacao, FatorProducaoNomeComercial, cultura_parcelaagricolaid, tipofertilizacao) VALUES( 'Rega', 1,  '05-Jul-2021',  5.0,  'm3',  null, 24, null););
INSERT INTO operacaoagricola(tipooperacaotipo, cadernocampoid, datarealizacao, quantidade, unidadedesignacao, FatorProducaoNomeComercial, cultura_parcelaagricolaid, tipofertilizacao) VALUES( 'Rega', 1,  '07-Jul-2021',  3.0,  'm3',  null, 17, null););
INSERT INTO operacaoagricola(tipooperacaotipo, cadernocampoid, datarealizacao, quantidade, unidadedesignacao, FatorProducaoNomeComercial, cultura_parcelaagricolaid, tipofertilizacao) VALUES( 'Rega', 1,  '10-Jul-2021',  7.0,  'm3',  null, 26, null););
INSERT INTO operacaoagricola(tipooperacaotipo, cadernocampoid, datarealizacao, quantidade, unidadedesignacao, FatorProducaoNomeComercial, cultura_parcelaagricolaid, tipofertilizacao) VALUES( 'Rega', 1,  '12-Jul-2021',  15.0,  'm3',  null, 5, null););
INSERT INTO operacaoagricola(tipooperacaotipo, cadernocampoid, datarealizacao, quantidade, unidadedesignacao, FatorProducaoNomeComercial, cultura_parcelaagricolaid, tipofertilizacao) VALUES( 'Colheita', 1,  '15-Jul-2021',  300.0,  'kg',  null, 26, null););
INSERT INTO operacaoagricola(tipooperacaotipo, cadernocampoid, datarealizacao, quantidade, unidadedesignacao, FatorProducaoNomeComercial, cultura_parcelaagricolaid, tipofertilizacao) VALUES( 'Colheita', 1,  '20-Jul-2021',  400.0,  'kg',  null, 26, null););
INSERT INTO operacaoagricola(tipooperacaotipo, cadernocampoid, datarealizacao, quantidade, unidadedesignacao, FatorProducaoNomeComercial, cultura_parcelaagricolaid, tipofertilizacao) VALUES( 'Rega', 1,  '24-Jul-2021',  15.0,  'm3',  null, 5, null););
INSERT INTO operacaoagricola(tipooperacaotipo, cadernocampoid, datarealizacao, quantidade, unidadedesignacao, FatorProducaoNomeComercial, cultura_parcelaagricolaid, tipofertilizacao) VALUES( 'Rega', 1,  '30-Jul-2021',  5.5,  'm3',  null, 22, null););
INSERT INTO operacaoagricola(tipooperacaotipo, cadernocampoid, datarealizacao, quantidade, unidadedesignacao, FatorProducaoNomeComercial, cultura_parcelaagricolaid, tipofertilizacao) VALUES( 'Rega', 1,  '30-Jul-2021',  5.5,  'm3',  null, 23, null););
INSERT INTO operacaoagricola(tipooperacaotipo, cadernocampoid, datarealizacao, quantidade, unidadedesignacao, FatorProducaoNomeComercial, cultura_parcelaagricolaid, tipofertilizacao) VALUES( 'Rega', 1,  '30-Jul-2021',  5.5,  'm3',  null, 24, null););
INSERT INTO operacaoagricola(tipooperacaotipo, cadernocampoid, datarealizacao, quantidade, unidadedesignacao, FatorProducaoNomeComercial, cultura_parcelaagricolaid, tipofertilizacao) VALUES( 'Rega', 1,  '30-Jul-2021',  3.5,  'm3',  null, 17, null););
INSERT INTO operacaoagricola(tipooperacaotipo, cadernocampoid, datarealizacao, quantidade, unidadedesignacao, FatorProducaoNomeComercial, cultura_parcelaagricolaid, tipofertilizacao) VALUES( 'Rega', 1,  '07-Aug-2021',  15.0,  'm3',  null, 5, null););
INSERT INTO operacaoagricola(tipooperacaotipo, cadernocampoid, datarealizacao, quantidade, unidadedesignacao, FatorProducaoNomeComercial, cultura_parcelaagricolaid, tipofertilizacao) VALUES( 'Rega', 1,  '10-Aug-2021',  0.8,  'm3',  null, 11, null););
INSERT INTO operacaoagricola(tipooperacaotipo, cadernocampoid, datarealizacao, quantidade, unidadedesignacao, FatorProducaoNomeComercial, cultura_parcelaagricolaid, tipofertilizacao) VALUES( 'Rega', 1,  '10-Aug-2021',  0.8,  'm3',  null, 12, null););
INSERT INTO operacaoagricola(tipooperacaotipo, cadernocampoid, datarealizacao, quantidade, unidadedesignacao, FatorProducaoNomeComercial, cultura_parcelaagricolaid, tipofertilizacao) VALUES( 'Rega', 1,  '10-Aug-2021',  1.5,  'm3',  null, 11, null););
INSERT INTO operacaoagricola(tipooperacaotipo, cadernocampoid, datarealizacao, quantidade, unidadedesignacao, FatorProducaoNomeComercial, cultura_parcelaagricolaid, tipofertilizacao) VALUES( 'Rega', 1,  '10-Aug-2021',  1.5,  'm3',  null, 12, null););
INSERT INTO operacaoagricola(tipooperacaotipo, cadernocampoid, datarealizacao, quantidade, unidadedesignacao, FatorProducaoNomeComercial, cultura_parcelaagricolaid, tipofertilizacao) VALUES( 'Colheita', 1,  '12-Aug-2021',  3300.0,  'kg',  null, 2, null););
INSERT INTO operacaoagricola(tipooperacaotipo, cadernocampoid, datarealizacao, quantidade, unidadedesignacao, FatorProducaoNomeComercial, cultura_parcelaagricolaid, tipofertilizacao) VALUES( 'Rega', 1,  '17-Aug-2021',  3.0,  'm3',  null, 17, null););
INSERT INTO operacaoagricola(tipooperacaotipo, cadernocampoid, datarealizacao, quantidade, unidadedesignacao, FatorProducaoNomeComercial, cultura_parcelaagricolaid, tipofertilizacao) VALUES( 'Colheita', 1,  '24-Aug-2021',  900.0,  'kg',  null, 22, null););
INSERT INTO operacaoagricola(tipooperacaotipo, cadernocampoid, datarealizacao, quantidade, unidadedesignacao, FatorProducaoNomeComercial, cultura_parcelaagricolaid, tipofertilizacao) VALUES( 'Colheita', 1,  '24-Aug-2021',  900.0,  'kg',  null, 23, null););
INSERT INTO operacaoagricola(tipooperacaotipo, cadernocampoid, datarealizacao, quantidade, unidadedesignacao, FatorProducaoNomeComercial, cultura_parcelaagricolaid, tipofertilizacao) VALUES( 'Colheita', 1,  '24-Aug-2021',  900.0,  'kg',  null, 24, null););
INSERT INTO operacaoagricola(tipooperacaotipo, cadernocampoid, datarealizacao, quantidade, unidadedesignacao, FatorProducaoNomeComercial, cultura_parcelaagricolaid, tipofertilizacao) VALUES( 'Colheita', 1,  '25-Aug-2021',  3300.0,  'kg',  null, 5, null););
INSERT INTO operacaoagricola(tipooperacaotipo, cadernocampoid, datarealizacao, quantidade, unidadedesignacao, FatorProducaoNomeComercial, cultura_parcelaagricolaid, tipofertilizacao) VALUES( 'Colheita', 1,  '28-Aug-2021',  600.0,  'kg',  null, 17, null););
INSERT INTO operacaoagricola(tipooperacaotipo, cadernocampoid, datarealizacao, quantidade, unidadedesignacao, FatorProducaoNomeComercial, cultura_parcelaagricolaid, tipofertilizacao) VALUES( 'Colheita', 1,  '05-Sep-2021',  800.0,  'kg',  null, 22, null););
INSERT INTO operacaoagricola(tipooperacaotipo, cadernocampoid, datarealizacao, quantidade, unidadedesignacao, FatorProducaoNomeComercial, cultura_parcelaagricolaid, tipofertilizacao) VALUES( 'Colheita', 1,  '05-Sep-2021',  800.0,  'kg',  null, 23, null););
INSERT INTO operacaoagricola(tipooperacaotipo, cadernocampoid, datarealizacao, quantidade, unidadedesignacao, FatorProducaoNomeComercial, cultura_parcelaagricolaid, tipofertilizacao) VALUES( 'Colheita', 1,  '05-Sep-2021',  800.0,  'kg',  null, 24, null););
INSERT INTO operacaoagricola(tipooperacaotipo, cadernocampoid, datarealizacao, quantidade, unidadedesignacao, FatorProducaoNomeComercial, cultura_parcelaagricolaid, tipofertilizacao) VALUES( 'Colheita', 1,  '07-Sep-2021',  1800.0,  'kg',  null, 17, null););
INSERT INTO operacaoagricola(tipooperacaotipo, cadernocampoid, datarealizacao, quantidade, unidadedesignacao, FatorProducaoNomeComercial, cultura_parcelaagricolaid, tipofertilizacao) VALUES( 'Colheita', 1,  '12-Sep-2021',  800.0,  'kg',  null, 22, null););
INSERT INTO operacaoagricola(tipooperacaotipo, cadernocampoid, datarealizacao, quantidade, unidadedesignacao, FatorProducaoNomeComercial, cultura_parcelaagricolaid, tipofertilizacao) VALUES( 'Colheita', 1,  '12-Sep-2021',  800.0,  'kg',  null, 23, null););
INSERT INTO operacaoagricola(tipooperacaotipo, cadernocampoid, datarealizacao, quantidade, unidadedesignacao, FatorProducaoNomeComercial, cultura_parcelaagricolaid, tipofertilizacao) VALUES( 'Colheita', 1,  '12-Sep-2021',  800.0,  'kg',  null, 24, null););
INSERT INTO operacaoagricola(tipooperacaotipo, cadernocampoid, datarealizacao, quantidade, unidadedesignacao, FatorProducaoNomeComercial, cultura_parcelaagricolaid, tipofertilizacao) VALUES( 'Colheita', 1,  '23-Sep-2021',  1200.0,  'kg',  null, 22, null););
INSERT INTO operacaoagricola(tipooperacaotipo, cadernocampoid, datarealizacao, quantidade, unidadedesignacao, FatorProducaoNomeComercial, cultura_parcelaagricolaid, tipofertilizacao) VALUES( 'Colheita', 1,  '23-Sep-2021',  1200.0,  'kg',  null, 23, null););
INSERT INTO operacaoagricola(tipooperacaotipo, cadernocampoid, datarealizacao, quantidade, unidadedesignacao, FatorProducaoNomeComercial, cultura_parcelaagricolaid, tipofertilizacao) VALUES( 'Colheita', 1,  '23-Sep-2021',  1200.0,  'kg',  null, 24, null););
INSERT INTO operacaoagricola(tipooperacaotipo, cadernocampoid, datarealizacao, quantidade, unidadedesignacao, FatorProducaoNomeComercial, cultura_parcelaagricolaid, tipofertilizacao) VALUES( 'Colheita', 1,  '12-Oct-2021',  950.0,  'kg',  null, 22, null););
INSERT INTO operacaoagricola(tipooperacaotipo, cadernocampoid, datarealizacao, quantidade, unidadedesignacao, FatorProducaoNomeComercial, cultura_parcelaagricolaid, tipofertilizacao) VALUES( 'Colheita', 1,  '12-Oct-2021',  950.0,  'kg',  null, 23, null););
INSERT INTO operacaoagricola(tipooperacaotipo, cadernocampoid, datarealizacao, quantidade, unidadedesignacao, FatorProducaoNomeComercial, cultura_parcelaagricolaid, tipofertilizacao) VALUES( 'Colheita', 1,  '12-Oct-2021',  950.0,  'kg',  null, 24, null););
INSERT INTO operacaoagricola(tipooperacaotipo, cadernocampoid, datarealizacao, quantidade, unidadedesignacao, FatorProducaoNomeComercial, cultura_parcelaagricolaid, tipofertilizacao) VALUES( 'Colheita', 1,  '03-Nov-2021',  750.0,  'kg',  null, 22, null););
INSERT INTO operacaoagricola(tipooperacaotipo, cadernocampoid, datarealizacao, quantidade, unidadedesignacao, FatorProducaoNomeComercial, cultura_parcelaagricolaid, tipofertilizacao) VALUES( 'Colheita', 1,  '03-Nov-2021',  750.0,  'kg',  null, 23, null););
INSERT INTO operacaoagricola(tipooperacaotipo, cadernocampoid, datarealizacao, quantidade, unidadedesignacao, FatorProducaoNomeComercial, cultura_parcelaagricolaid, tipofertilizacao) VALUES( 'Colheita', 1,  '03-Nov-2021',  750.0,  'kg',  null, 24, null););
INSERT INTO operacaoagricola(tipooperacaotipo, cadernocampoid, datarealizacao, quantidade, unidadedesignacao, FatorProducaoNomeComercial, cultura_parcelaagricolaid, tipofertilizacao) VALUES( 'Colheita', 1,  '10-Nov-2021',  210.0,  'kg',  null, 11, null););
INSERT INTO operacaoagricola(tipooperacaotipo, cadernocampoid, datarealizacao, quantidade, unidadedesignacao, FatorProducaoNomeComercial, cultura_parcelaagricolaid, tipofertilizacao) VALUES( 'Colheita', 1,  '10-Nov-2021',  210.0,  'kg',  null, 12, null););
INSERT INTO operacaoagricola(tipooperacaotipo, cadernocampoid, datarealizacao, quantidade, unidadedesignacao, FatorProducaoNomeComercial, cultura_parcelaagricolaid, tipofertilizacao) VALUES( 'Colheita', 1,  '10-Nov-2021',  120.0,  'kg',  null, 11, null););
INSERT INTO operacaoagricola(tipooperacaotipo, cadernocampoid, datarealizacao, quantidade, unidadedesignacao, FatorProducaoNomeComercial, cultura_parcelaagricolaid, tipofertilizacao) VALUES( 'Colheita', 1,  '10-Nov-2021',  120.0,  'kg',  null, 12, null););
INSERT INTO operacaoagricola(tipooperacaotipo, cadernocampoid, datarealizacao, quantidade, unidadedesignacao, FatorProducaoNomeComercial, cultura_parcelaagricolaid, tipofertilizacao) VALUES( 'Colheita', 1,  '15-Nov-2021',  600.0,  'kg',  null, 15, null););
INSERT INTO operacaoagricola(tipooperacaotipo, cadernocampoid, datarealizacao, quantidade, unidadedesignacao, FatorProducaoNomeComercial, cultura_parcelaagricolaid, tipofertilizacao) VALUES( 'Poda', 1,  '17-Nov-2021',  30.0,  'un',  null, 11, null););
INSERT INTO operacaoagricola(tipooperacaotipo, cadernocampoid, datarealizacao, quantidade, unidadedesignacao, FatorProducaoNomeComercial, cultura_parcelaagricolaid, tipofertilizacao) VALUES( 'Poda', 1,  '17-Nov-2021',  30.0,  'un',  null, 12, null););
INSERT INTO operacaoagricola(tipooperacaotipo, cadernocampoid, datarealizacao, quantidade, unidadedesignacao, FatorProducaoNomeComercial, cultura_parcelaagricolaid, tipofertilizacao) VALUES( 'Poda', 1,  '17-Nov-2021',  20.0,  'un',  null, 11, null););
INSERT INTO operacaoagricola(tipooperacaotipo, cadernocampoid, datarealizacao, quantidade, unidadedesignacao, FatorProducaoNomeComercial, cultura_parcelaagricolaid, tipofertilizacao) VALUES( 'Poda', 1,  '17-Nov-2021',  20.0,  'un',  null, 12, null););
INSERT INTO operacaoagricola(tipooperacaotipo, cadernocampoid, datarealizacao, quantidade, unidadedesignacao, FatorProducaoNomeComercial, cultura_parcelaagricolaid, tipofertilizacao) VALUES( 'Poda', 1,  '28-Nov-2021',  70.0,  'un',  null, 22, null););
INSERT INTO operacaoagricola(tipooperacaotipo, cadernocampoid, datarealizacao, quantidade, unidadedesignacao, FatorProducaoNomeComercial, cultura_parcelaagricolaid, tipofertilizacao) VALUES( 'Poda', 1,  '28-Nov-2021',  70.0,  'un',  null, 23, null););
INSERT INTO operacaoagricola(tipooperacaotipo, cadernocampoid, datarealizacao, quantidade, unidadedesignacao, FatorProducaoNomeComercial, cultura_parcelaagricolaid, tipofertilizacao) VALUES( 'Poda', 1,  '28-Nov-2021',  70.0,  'un',  null, 24, null););
INSERT INTO operacaoagricola(tipooperacaotipo, cadernocampoid, datarealizacao, quantidade, unidadedesignacao, FatorProducaoNomeComercial, cultura_parcelaagricolaid, tipofertilizacao) VALUES( 'Poda', 1,  '03-Dec-2021',  90.0,  'un',  null, 22, null););
INSERT INTO operacaoagricola(tipooperacaotipo, cadernocampoid, datarealizacao, quantidade, unidadedesignacao, FatorProducaoNomeComercial, cultura_parcelaagricolaid, tipofertilizacao) VALUES( 'Poda', 1,  '03-Dec-2021',  90.0,  'un',  null, 23, null););
INSERT INTO operacaoagricola(tipooperacaotipo, cadernocampoid, datarealizacao, quantidade, unidadedesignacao, FatorProducaoNomeComercial, cultura_parcelaagricolaid, tipofertilizacao) VALUES( 'Poda', 1,  '03-Dec-2021',  90.0,  'un',  null, 24, null););
INSERT INTO operacaoagricola(tipooperacaotipo, cadernocampoid, datarealizacao, quantidade, unidadedesignacao, FatorProducaoNomeComercial, cultura_parcelaagricolaid, tipofertilizacao) VALUES( 'Poda', 1,  '16-Dec-2021',  500.0,  'un',  null, 26, null););
INSERT INTO operacaoagricola(tipooperacaotipo, cadernocampoid, datarealizacao, quantidade, unidadedesignacao, FatorProducaoNomeComercial, cultura_parcelaagricolaid, tipofertilizacao) VALUES( 'Poda', 1,  '18-Dec-2021',  60.0,  'un',  null, 22, null););
INSERT INTO operacaoagricola(tipooperacaotipo, cadernocampoid, datarealizacao, quantidade, unidadedesignacao, FatorProducaoNomeComercial, cultura_parcelaagricolaid, tipofertilizacao) VALUES( 'Poda', 1,  '18-Dec-2021',  60.0,  'un',  null, 23, null););
INSERT INTO operacaoagricola(tipooperacaotipo, cadernocampoid, datarealizacao, quantidade, unidadedesignacao, FatorProducaoNomeComercial, cultura_parcelaagricolaid, tipofertilizacao) VALUES( 'Poda', 1,  '18-Dec-2021',  60.0,  'un',  null, 24, null););
INSERT INTO operacaoagricola(tipooperacaotipo, cadernocampoid, datarealizacao, quantidade, unidadedesignacao, FatorProducaoNomeComercial, cultura_parcelaagricolaid, tipofertilizacao) VALUES( 'Colheita', 1,  '18-Dec-2021',  2500.0,  'kg',  null, 15, null););
INSERT INTO operacaoagricola(tipooperacaotipo, cadernocampoid, datarealizacao, quantidade, unidadedesignacao, FatorProducaoNomeComercial, cultura_parcelaagricolaid, tipofertilizacao) VALUES( 'Poda', 1,  '18-Dec-2021',  700.0,  'un',  null, 26, null););
INSERT INTO operacaoagricola(tipooperacaotipo, cadernocampoid, datarealizacao, quantidade, unidadedesignacao, FatorProducaoNomeComercial, cultura_parcelaagricolaid, tipofertilizacao) VALUES( 'Colheita', 1,  '04-Jan-2022',  2900.0,  'kg',  null, 15, null););
INSERT INTO operacaoagricola(tipooperacaotipo, cadernocampoid, datarealizacao, quantidade, unidadedesignacao, FatorProducaoNomeComercial, cultura_parcelaagricolaid, tipofertilizacao) VALUES( 'Aplicação fitofármaco', 1,  '20-Jan-2022',  3.0,  'kg', 1, 26, null););
INSERT INTO operacaoagricola(tipooperacaotipo, cadernocampoid, datarealizacao, quantidade, unidadedesignacao, FatorProducaoNomeComercial, cultura_parcelaagricolaid, tipofertilizacao) VALUES( 'Aplicação fitofármaco', 1,  '20-Jan-2022',  3.5,  'kg', 1, 26, null););
INSERT INTO operacaoagricola(tipooperacaotipo, cadernocampoid, datarealizacao, quantidade, unidadedesignacao, FatorProducaoNomeComercial, cultura_parcelaagricolaid, tipofertilizacao) VALUES( 'Incorporação no solo', 1,  '19-Mar-2022',  1.3,  'ha',  null, 6, null););
INSERT INTO operacaoagricola(tipooperacaotipo, cadernocampoid, datarealizacao, quantidade, unidadedesignacao, FatorProducaoNomeComercial, cultura_parcelaagricolaid, tipofertilizacao) VALUES( 'Incorporação no solo', 1,  '05-Apr-2022',  1.3,  'ha',  null, 1, null););
INSERT INTO operacaoagricola(tipooperacaotipo, cadernocampoid, datarealizacao, quantidade, unidadedesignacao, FatorProducaoNomeComercial, cultura_parcelaagricolaid, tipofertilizacao) VALUES( 'Colheita', 1,  '05-May-2022',  2250.0,  'kg',  null, 16, null););
INSERT INTO operacaoagricola(tipooperacaotipo, cadernocampoid, datarealizacao, quantidade, unidadedesignacao, FatorProducaoNomeComercial, cultura_parcelaagricolaid, tipofertilizacao) VALUES( 'Fertilização', 1,  '13-May-2022',  10.0,  'kg', 5, 22, 'Foliar'););
INSERT INTO operacaoagricola(tipooperacaotipo, cadernocampoid, datarealizacao, quantidade, unidadedesignacao, FatorProducaoNomeComercial, cultura_parcelaagricolaid, tipofertilizacao) VALUES( 'Fertilização', 1,  '13-May-2022',  10.0,  'kg', 5, 23, 'Foliar'););
INSERT INTO operacaoagricola(tipooperacaotipo, cadernocampoid, datarealizacao, quantidade, unidadedesignacao, FatorProducaoNomeComercial, cultura_parcelaagricolaid, tipofertilizacao) VALUES( 'Fertilização', 1,  '13-May-2022',  10.0,  'kg', 5, 24, 'Foliar'););
INSERT INTO operacaoagricola(tipooperacaotipo, cadernocampoid, datarealizacao, quantidade, unidadedesignacao, FatorProducaoNomeComercial, cultura_parcelaagricolaid, tipofertilizacao) VALUES( 'Colheita', 1,  '15-May-2022',  1300.0,  'kg',  null, 16, null););
INSERT INTO operacaoagricola(tipooperacaotipo, cadernocampoid, datarealizacao, quantidade, unidadedesignacao, FatorProducaoNomeComercial, cultura_parcelaagricolaid, tipofertilizacao) VALUES( 'Rega', 1,  '05-Jun-2022',  3.0,  'm3',  null, 22, null););
INSERT INTO operacaoagricola(tipooperacaotipo, cadernocampoid, datarealizacao, quantidade, unidadedesignacao, FatorProducaoNomeComercial, cultura_parcelaagricolaid, tipofertilizacao) VALUES( 'Rega', 1,  '05-Jun-2022',  3.0,  'm3',  null, 23, null););
INSERT INTO operacaoagricola(tipooperacaotipo, cadernocampoid, datarealizacao, quantidade, unidadedesignacao, FatorProducaoNomeComercial, cultura_parcelaagricolaid, tipofertilizacao) VALUES( 'Rega', 1,  '05-Jun-2022',  3.0,  'm3',  null, 24, null););
INSERT INTO operacaoagricola(tipooperacaotipo, cadernocampoid, datarealizacao, quantidade, unidadedesignacao, FatorProducaoNomeComercial, cultura_parcelaagricolaid, tipofertilizacao) VALUES( 'Rega', 1,  '30-Jun-2022',  3.0,  'm3',  null, 14, null););
INSERT INTO operacaoagricola(tipooperacaotipo, cadernocampoid, datarealizacao, quantidade, unidadedesignacao, FatorProducaoNomeComercial, cultura_parcelaagricolaid, tipofertilizacao) VALUES( 'Rega', 1,  '02-Jul-2022',  5.5,  'm3',  null, 22, null););
INSERT INTO operacaoagricola(tipooperacaotipo, cadernocampoid, datarealizacao, quantidade, unidadedesignacao, FatorProducaoNomeComercial, cultura_parcelaagricolaid, tipofertilizacao) VALUES( 'Rega', 1,  '02-Jul-2022',  5.5,  'm3',  null, 23, null););
INSERT INTO operacaoagricola(tipooperacaotipo, cadernocampoid, datarealizacao, quantidade, unidadedesignacao, FatorProducaoNomeComercial, cultura_parcelaagricolaid, tipofertilizacao) VALUES( 'Rega', 1,  '02-Jul-2022',  5.5,  'm3',  null, 24, null););
INSERT INTO operacaoagricola(tipooperacaotipo, cadernocampoid, datarealizacao, quantidade, unidadedesignacao, FatorProducaoNomeComercial, cultura_parcelaagricolaid, tipofertilizacao) VALUES( 'Rega', 1,  '03-Jul-2022',  0.8,  'm3',  null, 11, null););
INSERT INTO operacaoagricola(tipooperacaotipo, cadernocampoid, datarealizacao, quantidade, unidadedesignacao, FatorProducaoNomeComercial, cultura_parcelaagricolaid, tipofertilizacao) VALUES( 'Rega', 1,  '03-Jul-2022',  0.8,  'm3',  null, 12, null););
INSERT INTO operacaoagricola(tipooperacaotipo, cadernocampoid, datarealizacao, quantidade, unidadedesignacao, FatorProducaoNomeComercial, cultura_parcelaagricolaid, tipofertilizacao) VALUES( 'Rega', 1,  '03-Jul-2022',  1.5,  'm3',  null, 11, null););
INSERT INTO operacaoagricola(tipooperacaotipo, cadernocampoid, datarealizacao, quantidade, unidadedesignacao, FatorProducaoNomeComercial, cultura_parcelaagricolaid, tipofertilizacao) VALUES( 'Rega', 1,  '03-Jul-2022',  1.5,  'm3',  null, 12, null););
INSERT INTO operacaoagricola(tipooperacaotipo, cadernocampoid, datarealizacao, quantidade, unidadedesignacao, FatorProducaoNomeComercial, cultura_parcelaagricolaid, tipofertilizacao) VALUES( 'Rega', 1,  '10-Jul-2022',  5.0,  'm3',  null, 26, null););
INSERT INTO operacaoagricola(tipooperacaotipo, cadernocampoid, datarealizacao, quantidade, unidadedesignacao, FatorProducaoNomeComercial, cultura_parcelaagricolaid, tipofertilizacao) VALUES( 'Rega', 1,  '12-Jul-2022',  15.0,  'm3',  null, 5, null););
INSERT INTO operacaoagricola(tipooperacaotipo, cadernocampoid, datarealizacao, quantidade, unidadedesignacao, FatorProducaoNomeComercial, cultura_parcelaagricolaid, tipofertilizacao) VALUES( 'Rega', 1,  '15-Jul-2022',  3.0,  'm3',  null, 14, null););
INSERT INTO operacaoagricola(tipooperacaotipo, cadernocampoid, datarealizacao, quantidade, unidadedesignacao, FatorProducaoNomeComercial, cultura_parcelaagricolaid, tipofertilizacao) VALUES( 'Colheita', 1,  '15-Jul-2022',  600.0,  'kg',  null, 26, null););
INSERT INTO operacaoagricola(tipooperacaotipo, cadernocampoid, datarealizacao, quantidade, unidadedesignacao, FatorProducaoNomeComercial, cultura_parcelaagricolaid, tipofertilizacao) VALUES( 'Colheita', 1,  '20-Jul-2022',  500.0,  'kg',  null, 26, null););
INSERT INTO operacaoagricola(tipooperacaotipo, cadernocampoid, datarealizacao, quantidade, unidadedesignacao, FatorProducaoNomeComercial, cultura_parcelaagricolaid, tipofertilizacao) VALUES( 'Rega', 1,  '24-Jul-2022',  15.0,  'm3',  null, 5, null););
INSERT INTO operacaoagricola(tipooperacaotipo, cadernocampoid, datarealizacao, quantidade, unidadedesignacao, FatorProducaoNomeComercial, cultura_parcelaagricolaid, tipofertilizacao) VALUES( 'Rega', 1,  '30-Jul-2022',  5.0,  'm3',  null, 22, null););
INSERT INTO operacaoagricola(tipooperacaotipo, cadernocampoid, datarealizacao, quantidade, unidadedesignacao, FatorProducaoNomeComercial, cultura_parcelaagricolaid, tipofertilizacao) VALUES( 'Rega', 1,  '30-Jul-2022',  5.0,  'm3',  null, 23, null););
INSERT INTO operacaoagricola(tipooperacaotipo, cadernocampoid, datarealizacao, quantidade, unidadedesignacao, FatorProducaoNomeComercial, cultura_parcelaagricolaid, tipofertilizacao) VALUES( 'Rega', 1,  '30-Jul-2022',  5.0,  'm3',  null, 24, null););
INSERT INTO operacaoagricola(tipooperacaotipo, cadernocampoid, datarealizacao, quantidade, unidadedesignacao, FatorProducaoNomeComercial, cultura_parcelaagricolaid, tipofertilizacao) VALUES( 'Rega', 1,  '30-Jul-2022',  2.5,  'm3',  null, 14, null););
INSERT INTO operacaoagricola(tipooperacaotipo, cadernocampoid, datarealizacao, quantidade, unidadedesignacao, FatorProducaoNomeComercial, cultura_parcelaagricolaid, tipofertilizacao) VALUES( 'Rega', 1,  '07-Aug-2022',  15.0,  'm3',  null, 5, null););
INSERT INTO operacaoagricola(tipooperacaotipo, cadernocampoid, datarealizacao, quantidade, unidadedesignacao, FatorProducaoNomeComercial, cultura_parcelaagricolaid, tipofertilizacao) VALUES( 'Rega', 1,  '10-Aug-2022',  0.8,  'm3',  null, 11, null););
INSERT INTO operacaoagricola(tipooperacaotipo, cadernocampoid, datarealizacao, quantidade, unidadedesignacao, FatorProducaoNomeComercial, cultura_parcelaagricolaid, tipofertilizacao) VALUES( 'Rega', 1,  '10-Aug-2022',  0.8,  'm3',  null, 12, null););
INSERT INTO operacaoagricola(tipooperacaotipo, cadernocampoid, datarealizacao, quantidade, unidadedesignacao, FatorProducaoNomeComercial, cultura_parcelaagricolaid, tipofertilizacao) VALUES( 'Rega', 1,  '10-Aug-2022',  1.5,  'm3',  null, 11, null););
INSERT INTO operacaoagricola(tipooperacaotipo, cadernocampoid, datarealizacao, quantidade, unidadedesignacao, FatorProducaoNomeComercial, cultura_parcelaagricolaid, tipofertilizacao) VALUES( 'Rega', 1,  '10-Aug-2022',  1.5,  'm3',  null, 12, null););
INSERT INTO operacaoagricola(tipooperacaotipo, cadernocampoid, datarealizacao, quantidade, unidadedesignacao, FatorProducaoNomeComercial, cultura_parcelaagricolaid, tipofertilizacao) VALUES( 'Colheita', 1,  '12-Aug-2022',  1200.0,  'kg',  null, 26, null););
INSERT INTO operacaoagricola(tipooperacaotipo, cadernocampoid, datarealizacao, quantidade, unidadedesignacao, FatorProducaoNomeComercial, cultura_parcelaagricolaid, tipofertilizacao) VALUES( 'Colheita', 1,  '12-Aug-2022',  600.0,  'kg',  null, 26, null););
INSERT INTO operacaoagricola(tipooperacaotipo, cadernocampoid, datarealizacao, quantidade, unidadedesignacao, FatorProducaoNomeComercial, cultura_parcelaagricolaid, tipofertilizacao) VALUES( 'Colheita', 1,  '17-Aug-2022',  3500.0,  'kg',  null, 2, null););
INSERT INTO operacaoagricola(tipooperacaotipo, cadernocampoid, datarealizacao, quantidade, unidadedesignacao, FatorProducaoNomeComercial, cultura_parcelaagricolaid, tipofertilizacao) VALUES( 'Rega', 1,  '17-Aug-2022',  3.0,  'm3',  null, 14, null););
INSERT INTO operacaoagricola(tipooperacaotipo, cadernocampoid, datarealizacao, quantidade, unidadedesignacao, FatorProducaoNomeComercial, cultura_parcelaagricolaid, tipofertilizacao) VALUES( 'Colheita', 1,  '18-Aug-2022',  3300.0,  'kg',  null, 5, null););
INSERT INTO operacaoagricola(tipooperacaotipo, cadernocampoid, datarealizacao, quantidade, unidadedesignacao, FatorProducaoNomeComercial, cultura_parcelaagricolaid, tipofertilizacao) VALUES( 'Colheita', 1,  '20-Aug-2022',  950.0,  'kg',  null, 22, null););
INSERT INTO operacaoagricola(tipooperacaotipo, cadernocampoid, datarealizacao, quantidade, unidadedesignacao, FatorProducaoNomeComercial, cultura_parcelaagricolaid, tipofertilizacao) VALUES( 'Colheita', 1,  '20-Aug-2022',  950.0,  'kg',  null, 23, null););
INSERT INTO operacaoagricola(tipooperacaotipo, cadernocampoid, datarealizacao, quantidade, unidadedesignacao, FatorProducaoNomeComercial, cultura_parcelaagricolaid, tipofertilizacao) VALUES( 'Colheita', 1,  '20-Aug-2022',  950.0,  'kg',  null, 24, null););
INSERT INTO operacaoagricola(tipooperacaotipo, cadernocampoid, datarealizacao, quantidade, unidadedesignacao, FatorProducaoNomeComercial, cultura_parcelaagricolaid, tipofertilizacao) VALUES( 'Colheita', 1,  '24-Aug-2022',  650.0,  'kg',  null, 14, null););
INSERT INTO operacaoagricola(tipooperacaotipo, cadernocampoid, datarealizacao, quantidade, unidadedesignacao, FatorProducaoNomeComercial, cultura_parcelaagricolaid, tipofertilizacao) VALUES( 'Colheita', 1,  '05-Sep-2022',  1900.0,  'kg',  null, 14, null););
INSERT INTO operacaoagricola(tipooperacaotipo, cadernocampoid, datarealizacao, quantidade, unidadedesignacao, FatorProducaoNomeComercial, cultura_parcelaagricolaid, tipofertilizacao) VALUES( 'Colheita', 1,  '07-Sep-2022',  830.0,  'kg',  null, 22, null););
INSERT INTO operacaoagricola(tipooperacaotipo, cadernocampoid, datarealizacao, quantidade, unidadedesignacao, FatorProducaoNomeComercial, cultura_parcelaagricolaid, tipofertilizacao) VALUES( 'Colheita', 1,  '07-Sep-2022',  830.0,  'kg',  null, 23, null););
INSERT INTO operacaoagricola(tipooperacaotipo, cadernocampoid, datarealizacao, quantidade, unidadedesignacao, FatorProducaoNomeComercial, cultura_parcelaagricolaid, tipofertilizacao) VALUES( 'Colheita', 1,  '07-Sep-2022',  830.0,  'kg',  null, 24, null););
INSERT INTO operacaoagricola(tipooperacaotipo, cadernocampoid, datarealizacao, quantidade, unidadedesignacao, FatorProducaoNomeComercial, cultura_parcelaagricolaid, tipofertilizacao) VALUES( 'Colheita', 1,  '11-Sep-2022',  750.0,  'kg',  null, 22, null););
INSERT INTO operacaoagricola(tipooperacaotipo, cadernocampoid, datarealizacao, quantidade, unidadedesignacao, FatorProducaoNomeComercial, cultura_parcelaagricolaid, tipofertilizacao) VALUES( 'Colheita', 1,  '11-Sep-2022',  750.0,  'kg',  null, 23, null););
INSERT INTO operacaoagricola(tipooperacaotipo, cadernocampoid, datarealizacao, quantidade, unidadedesignacao, FatorProducaoNomeComercial, cultura_parcelaagricolaid, tipofertilizacao) VALUES( 'Colheita', 1,  '11-Sep-2022',  750.0,  'kg',  null, 24, null););
INSERT INTO operacaoagricola(tipooperacaotipo, cadernocampoid, datarealizacao, quantidade, unidadedesignacao, FatorProducaoNomeComercial, cultura_parcelaagricolaid, tipofertilizacao) VALUES( 'Colheita', 1,  '20-Sep-2022',  1150.0,  'kg',  null, 22, null););
INSERT INTO operacaoagricola(tipooperacaotipo, cadernocampoid, datarealizacao, quantidade, unidadedesignacao, FatorProducaoNomeComercial, cultura_parcelaagricolaid, tipofertilizacao) VALUES( 'Colheita', 1,  '20-Sep-2022',  1150.0,  'kg',  null, 23, null););
INSERT INTO operacaoagricola(tipooperacaotipo, cadernocampoid, datarealizacao, quantidade, unidadedesignacao, FatorProducaoNomeComercial, cultura_parcelaagricolaid, tipofertilizacao) VALUES( 'Colheita', 1,  '20-Sep-2022',  1150.0,  'kg',  null, 24, null););
INSERT INTO operacaoagricola(tipooperacaotipo, cadernocampoid, datarealizacao, quantidade, unidadedesignacao, FatorProducaoNomeComercial, cultura_parcelaagricolaid, tipofertilizacao) VALUES( 'Colheita', 1,  '17-Oct-2022',  850.0,  'kg',  null, 22, null););
INSERT INTO operacaoagricola(tipooperacaotipo, cadernocampoid, datarealizacao, quantidade, unidadedesignacao, FatorProducaoNomeComercial, cultura_parcelaagricolaid, tipofertilizacao) VALUES( 'Colheita', 1,  '17-Oct-2022',  850.0,  'kg',  null, 23, null););
INSERT INTO operacaoagricola(tipooperacaotipo, cadernocampoid, datarealizacao, quantidade, unidadedesignacao, FatorProducaoNomeComercial, cultura_parcelaagricolaid, tipofertilizacao) VALUES( 'Colheita', 1,  '17-Oct-2022',  850.0,  'kg',  null, 24, null););
INSERT INTO operacaoagricola(tipooperacaotipo, cadernocampoid, datarealizacao, quantidade, unidadedesignacao, FatorProducaoNomeComercial, cultura_parcelaagricolaid, tipofertilizacao) VALUES( 'Colheita', 1,  '06-Nov-2022',  900.0,  'kg',  null, 22, null););
INSERT INTO operacaoagricola(tipooperacaotipo, cadernocampoid, datarealizacao, quantidade, unidadedesignacao, FatorProducaoNomeComercial, cultura_parcelaagricolaid, tipofertilizacao) VALUES( 'Colheita', 1,  '06-Nov-2022',  900.0,  'kg',  null, 23, null););
INSERT INTO operacaoagricola(tipooperacaotipo, cadernocampoid, datarealizacao, quantidade, unidadedesignacao, FatorProducaoNomeComercial, cultura_parcelaagricolaid, tipofertilizacao) VALUES( 'Colheita', 1,  '06-Nov-2022',  900.0,  'kg',  null, 24, null););
INSERT INTO operacaoagricola(tipooperacaotipo, cadernocampoid, datarealizacao, quantidade, unidadedesignacao, FatorProducaoNomeComercial, cultura_parcelaagricolaid, tipofertilizacao) VALUES( 'Poda', 1,  '10-Nov-2022',  30.0,  'un',  null, 11, null););
INSERT INTO operacaoagricola(tipooperacaotipo, cadernocampoid, datarealizacao, quantidade, unidadedesignacao, FatorProducaoNomeComercial, cultura_parcelaagricolaid, tipofertilizacao) VALUES( 'Poda', 1,  '10-Nov-2022',  30.0,  'un',  null, 12, null););
INSERT INTO operacaoagricola(tipooperacaotipo, cadernocampoid, datarealizacao, quantidade, unidadedesignacao, FatorProducaoNomeComercial, cultura_parcelaagricolaid, tipofertilizacao) VALUES( 'Poda', 1,  '10-Nov-2022',  20.0,  'un',  null, 11, null););
INSERT INTO operacaoagricola(tipooperacaotipo, cadernocampoid, datarealizacao, quantidade, unidadedesignacao, FatorProducaoNomeComercial, cultura_parcelaagricolaid, tipofertilizacao) VALUES( 'Poda', 1,  '10-Nov-2022',  20.0,  'un',  null, 12, null););
INSERT INTO operacaoagricola(tipooperacaotipo, cadernocampoid, datarealizacao, quantidade, unidadedesignacao, FatorProducaoNomeComercial, cultura_parcelaagricolaid, tipofertilizacao) VALUES( 'Colheita', 1,  '12-Nov-2022',  300.0,  'kg',  null, 11, null););
INSERT INTO operacaoagricola(tipooperacaotipo, cadernocampoid, datarealizacao, quantidade, unidadedesignacao, FatorProducaoNomeComercial, cultura_parcelaagricolaid, tipofertilizacao) VALUES( 'Colheita', 1,  '12-Nov-2022',  300.0,  'kg',  null, 12, null););
INSERT INTO operacaoagricola(tipooperacaotipo, cadernocampoid, datarealizacao, quantidade, unidadedesignacao, FatorProducaoNomeComercial, cultura_parcelaagricolaid, tipofertilizacao) VALUES( 'Colheita', 1,  '12-Nov-2022',  200.0,  'kg',  null, 11, null););
INSERT INTO operacaoagricola(tipooperacaotipo, cadernocampoid, datarealizacao, quantidade, unidadedesignacao, FatorProducaoNomeComercial, cultura_parcelaagricolaid, tipofertilizacao) VALUES( 'Colheita', 1,  '12-Nov-2022',  200.0,  'kg',  null, 12, null););
INSERT INTO operacaoagricola(tipooperacaotipo, cadernocampoid, datarealizacao, quantidade, unidadedesignacao, FatorProducaoNomeComercial, cultura_parcelaagricolaid, tipofertilizacao) VALUES( 'Colheita', 1,  '15-Nov-2022',  50.0,  'kg',  null, 21, null););
INSERT INTO operacaoagricola(tipooperacaotipo, cadernocampoid, datarealizacao, quantidade, unidadedesignacao, FatorProducaoNomeComercial, cultura_parcelaagricolaid, tipofertilizacao) VALUES( 'Poda', 1,  '04-Dec-2022',  70.0,  'un',  null, 22, null););
INSERT INTO operacaoagricola(tipooperacaotipo, cadernocampoid, datarealizacao, quantidade, unidadedesignacao, FatorProducaoNomeComercial, cultura_parcelaagricolaid, tipofertilizacao) VALUES( 'Poda', 1,  '04-Dec-2022',  70.0,  'un',  null, 23, null););
INSERT INTO operacaoagricola(tipooperacaotipo, cadernocampoid, datarealizacao, quantidade, unidadedesignacao, FatorProducaoNomeComercial, cultura_parcelaagricolaid, tipofertilizacao) VALUES( 'Poda', 1,  '04-Dec-2022',  70.0,  'un',  null, 24, null););
INSERT INTO operacaoagricola(tipooperacaotipo, cadernocampoid, datarealizacao, quantidade, unidadedesignacao, FatorProducaoNomeComercial, cultura_parcelaagricolaid, tipofertilizacao) VALUES( 'Poda', 1,  '07-Dec-2022',  90.0,  'un',  null, 22, null););
INSERT INTO operacaoagricola(tipooperacaotipo, cadernocampoid, datarealizacao, quantidade, unidadedesignacao, FatorProducaoNomeComercial, cultura_parcelaagricolaid, tipofertilizacao) VALUES( 'Poda', 1,  '07-Dec-2022',  90.0,  'un',  null, 23, null););
INSERT INTO operacaoagricola(tipooperacaotipo, cadernocampoid, datarealizacao, quantidade, unidadedesignacao, FatorProducaoNomeComercial, cultura_parcelaagricolaid, tipofertilizacao) VALUES( 'Poda', 1,  '07-Dec-2022',  90.0,  'un',  null, 24, null););
INSERT INTO operacaoagricola(tipooperacaotipo, cadernocampoid, datarealizacao, quantidade, unidadedesignacao, FatorProducaoNomeComercial, cultura_parcelaagricolaid, tipofertilizacao) VALUES( 'Fertilização', 1,  '11-Dec-2022',  15.0,  'kg', 3, 11, 'Solo'););
INSERT INTO operacaoagricola(tipooperacaotipo, cadernocampoid, datarealizacao, quantidade, unidadedesignacao, FatorProducaoNomeComercial, cultura_parcelaagricolaid, tipofertilizacao) VALUES( 'Fertilização', 1,  '11-Dec-2022',  15.0,  'kg', 3, 12, 'Solo'););
INSERT INTO operacaoagricola(tipooperacaotipo, cadernocampoid, datarealizacao, quantidade, unidadedesignacao, FatorProducaoNomeComercial, cultura_parcelaagricolaid, tipofertilizacao) VALUES( 'Fertilização', 1,  '11-Dec-2022',  10.0,  'kg', 3, 11, 'Solo'););
INSERT INTO operacaoagricola(tipooperacaotipo, cadernocampoid, datarealizacao, quantidade, unidadedesignacao, FatorProducaoNomeComercial, cultura_parcelaagricolaid, tipofertilizacao) VALUES( 'Fertilização', 1,  '11-Dec-2022',  10.0,  'kg', 3, 12, 'Solo'););
INSERT INTO operacaoagricola(tipooperacaotipo, cadernocampoid, datarealizacao, quantidade, unidadedesignacao, FatorProducaoNomeComercial, cultura_parcelaagricolaid, tipofertilizacao) VALUES( 'Poda', 1,  '16-Dec-2022',  500.0,  'un',  null, 26, null););
INSERT INTO operacaoagricola(tipooperacaotipo, cadernocampoid, datarealizacao, quantidade, unidadedesignacao, FatorProducaoNomeComercial, cultura_parcelaagricolaid, tipofertilizacao) VALUES( 'Colheita', 1,  '18-Dec-2022',  200.0,  'kg',  null, 21, null););
INSERT INTO operacaoagricola(tipooperacaotipo, cadernocampoid, datarealizacao, quantidade, unidadedesignacao, FatorProducaoNomeComercial, cultura_parcelaagricolaid, tipofertilizacao) VALUES( 'Poda', 1,  '18-Dec-2022',  700.0,  'un',  null, 26, null););
INSERT INTO operacaoagricola(tipooperacaotipo, cadernocampoid, datarealizacao, quantidade, unidadedesignacao, FatorProducaoNomeComercial, cultura_parcelaagricolaid, tipofertilizacao) VALUES( 'Poda', 1,  '12-Jan-2023',  60.0,  'un',  null, 22, null););
INSERT INTO operacaoagricola(tipooperacaotipo, cadernocampoid, datarealizacao, quantidade, unidadedesignacao, FatorProducaoNomeComercial, cultura_parcelaagricolaid, tipofertilizacao) VALUES( 'Poda', 1,  '12-Jan-2023',  60.0,  'un',  null, 23, null););
INSERT INTO operacaoagricola(tipooperacaotipo, cadernocampoid, datarealizacao, quantidade, unidadedesignacao, FatorProducaoNomeComercial, cultura_parcelaagricolaid, tipofertilizacao) VALUES( 'Poda', 1,  '12-Jan-2023',  60.0,  'un',  null, 24, null););
INSERT INTO operacaoagricola(tipooperacaotipo, cadernocampoid, datarealizacao, quantidade, unidadedesignacao, FatorProducaoNomeComercial, cultura_parcelaagricolaid, tipofertilizacao) VALUES( 'Colheita', 1,  '14-Jan-2023',  250.0,  'kg',  null, 21, null););
INSERT INTO operacaoagricola(tipooperacaotipo, cadernocampoid, datarealizacao, quantidade, unidadedesignacao, FatorProducaoNomeComercial, cultura_parcelaagricolaid, tipofertilizacao) VALUES( 'Aplicação fitofármaco', 1,  '20-Jan-2023',  4.0,  'kg', 1, 26, null););
INSERT INTO operacaoagricola(tipooperacaotipo, cadernocampoid, datarealizacao, quantidade, unidadedesignacao, FatorProducaoNomeComercial, cultura_parcelaagricolaid, tipofertilizacao) VALUES( 'Aplicação fitofármaco', 1,  '20-Jan-2023',  5.0,  'kg', 1, 26, null););
INSERT INTO operacaoagricola(tipooperacaotipo, cadernocampoid, datarealizacao, quantidade, unidadedesignacao, FatorProducaoNomeComercial, cultura_parcelaagricolaid, tipofertilizacao) VALUES( 'Incorporação no solo', 1,  '20-Mar-2023',  1.3,  'ha',  null, 6, null););
